step,hp_metric,train_loss_fusion_step,train_loss_global_step,train_loss_local_step,train_loss_reg_step,gradient_norm_step,epoch,val_acc,val_f1,val_auc,val_loss,train_acc,train_f1,train_auc,train_loss_fusion_epoch,train_loss_global_epoch,train_loss_local_epoch,train_loss_reg_epoch,train_loss,gradient_norm_epoch
0,-1.0,,,,,,,,,,,,,,,,,,,
385,69.62522888183594,,,,,,0.0,0.4876783490180969,0.6535676717758179,0.5071065425872803,69.62522888183594,0.4875202476978302,0.6541821360588074,0.4930206537246704,26.989381790161133,22.45823860168457,21.23415756225586,18881.267578125,44.150917053222656,61.4731559753418
771,68.43994903564453,,,,,,1.0,0.48249027132987976,0.6494210958480835,0.514024019241333,68.43994903564453,0.48687195777893066,0.6538980603218079,0.4988715648651123,26.880657196044922,21.696796417236328,20.93161392211914,16544.45703125,43.03020477294922,53.94572067260742
1157,67.81816101074219,,,,,,2.0,0.4811932444572449,0.6484402418136597,0.5095654726028442,67.81816101074219,0.487763375043869,0.6546302437782288,0.4976661503314972,26.899702072143555,21.39727020263672,20.514511108398438,15276.2998046875,42.28276824951172,56.132076263427734
1543,67.33941650390625,,,,,,3.0,0.4818417727947235,0.6490272879600525,0.5085116624832153,67.33941650390625,0.487763375043869,0.6548459529876709,0.4970056712627411,26.922136306762695,21.14431381225586,20.08281898498535,14407.033203125,41.57700729370117,52.93647766113281
1929,67.29522705078125,,,,,,4.0,0.48378729820251465,0.6512047052383423,0.5023508667945862,67.29522705078125,0.486142635345459,0.6531668901443481,0.49676254391670227,26.925334930419922,20.953048706054688,19.844938278198242,13757.31640625,41.132102966308594,52.702850341796875
2315,66.67601776123047,,,,,,5.0,0.4857328236103058,0.6532908082008362,0.5003242492675781,66.67601776123047,0.4887358248233795,0.6553577780723572,0.4952329695224762,26.9929141998291,20.76860237121582,19.54708480834961,13215.5341796875,40.636619567871094,53.1412467956543
2701,66.44985961914062,,,,,,6.0,0.483138769865036,0.6508783102035522,0.49700063467025757,66.44985961914062,0.4894651472568512,0.6560441255569458,0.4914262592792511,27.017051696777344,20.591323852539062,19.390600204467773,12704.94921875,40.29046630859375,53.0629997253418
3087,66.09364318847656,,,,,,7.0,0.4805447459220886,0.6484450101852417,0.4957846999168396,66.09364318847656,0.4890599548816681,0.6556046009063721,0.48653969168663025,27.095365524291992,20.400537490844727,19.268604278564453,12239.5283203125,39.96638107299805,53.33757781982422
3473,66.20759582519531,,,,,,8.0,0.48378729820251465,0.6511470675468445,0.4944876730442047,66.20759582519531,0.4902755320072174,0.6563675403594971,0.48661670088768005,27.08681869506836,20.271299362182617,19.203861236572266,11687.0849609375,39.75899124145508,51.069854736328125
3859,65.77611541748047,,,,,,9.0,0.48378729820251465,0.6502320170402527,0.4940012991428375,65.77611541748047,0.4875202476978302,0.6544659733772278,0.4844307005405426,27.08799171447754,20.1165828704834,19.144411087036133,11303.6640625,39.535518646240234,53.438987731933594
4245,65.48899841308594,,,,,,10.0,0.483138769865036,0.649655282497406,0.4920557737350464,65.48899841308594,0.4883306324481964,0.6552141904830933,0.48255062103271484,27.14556884765625,19.991779327392578,19.194169998168945,10865.3955078125,39.4498291015625,53.79629898071289
4631,65.31460571289062,,,,,,11.0,0.4870298206806183,0.6529187560081482,0.4941634237766266,65.31460571289062,0.48841166496276855,0.6547005772590637,0.48444893956184387,27.13393783569336,19.877906799316406,19.05532455444336,10422.6552734375,39.18634033203125,50.293907165527344
5017,65.17172241210938,,,,,,12.0,0.4857328236103058,0.6520429849624634,0.4918936491012573,65.17172241210938,0.48727715015411377,0.6541035175323486,0.4831584095954895,27.113056182861328,19.786178588867188,18.98577117919922,10050.0498046875,39.01601028442383,52.06687545776367
5403,64.84834289550781,,,,,,13.0,0.48638132214546204,0.6523582339286804,0.48954281210899353,64.84834289550781,0.487763375043869,0.6543852090835571,0.4827978312969208,27.123260498046875,19.706239700317383,18.997821807861328,9721.6904296875,38.940147399902344,55.86495590209961
5789,64.73499298095703,,,,,,14.0,0.4857328236103058,0.6517294645309448,0.4897859990596771,64.73499298095703,0.4871961176395416,0.6540303826332092,0.4818172752857208,27.13587188720703,19.57823371887207,18.778474807739258,9384.626953125,38.58462905883789,49.96467971801758
6175,64.51629638671875,,,,,,15.0,0.4876783490180969,0.6531810760498047,0.49092087149620056,64.51629638671875,0.4871150851249695,0.6539513468742371,0.48416125774383545,27.13739585876465,19.521011352539062,18.675983428955078,9133.4873046875,38.41879653930664,50.362831115722656
6561,64.81425476074219,,,,,,16.0,0.4870298206806183,0.6529260277748108,0.4857328236103058,64.81425476074219,0.48808753490448,0.65468430519104,0.4806016981601715,27.150108337402344,19.439048767089844,18.725223541259766,8817.4208984375,38.37839126586914,51.0698356628418
6947,64.31053161621094,,,,,,17.0,0.48638132214546204,0.6523390412330627,0.4868676960468292,64.31053161621094,0.48808753490448,0.6545320153236389,0.48245543241500854,27.14739227294922,19.36988067626953,18.683195114135742,8563.33984375,38.26103210449219,53.01228713989258
7333,64.39276885986328,,,,,,18.0,0.4870298206806183,0.6529260277748108,0.4901913106441498,64.39276885986328,0.48841166496276855,0.6551316380500793,0.4818962812423706,27.148374557495117,19.28227996826172,18.46753692626953,8328.6240234375,37.95206832885742,50.977298736572266
7719,64.08148956298828,,,,,,19.0,0.4876783490180969,0.6531884074211121,0.48938068747520447,64.08148956298828,0.48824959993362427,0.6551008820533752,0.4804295003414154,27.148738861083984,19.279142379760742,18.504344940185547,8126.61181640625,37.980838775634766,52.43578338623047
8105,63.986087799072266,,,,,,20.0,0.4844357967376709,0.6507869958877563,0.4870298206806183,63.986087799072266,0.4881685674190521,0.6547749638557434,0.478831022977829,27.13068962097168,19.155723571777344,18.356107711791992,7910.01123046875,37.703941345214844,48.713863372802734
8491,64.03243255615234,,,,,,21.0,0.48508429527282715,0.6514478325843811,0.4851653575897217,64.03243255615234,0.48808753490448,0.6548947691917419,0.48100486397743225,27.138111114501953,19.153169631958008,18.42133903503418,7721.85302734375,37.76204299926758,52.6544303894043
8877,63.77490234375,,,,,,22.0,0.4883268475532532,0.6541162133216858,0.4855706989765167,63.77490234375,0.48808753490448,0.65459144115448,0.4804841876029968,27.1782169342041,19.112815856933594,18.370481491088867,7576.642578125,37.667293548583984,51.830223083496094
9263,63.98065948486328,,,,,,23.0,0.48638132214546204,0.6523053050041199,0.4841115474700928,63.98065948486328,0.4876823425292969,0.654434323310852,0.48179900646209717,27.11618995666504,19.067588806152344,18.258695602416992,7336.1962890625,37.50445556640625,51.29616165161133
9649,63.6550178527832,19.71001434326172,15.121994018554688,11.77800178527832,4481.388671875,74.50923919677734,24.0,0.4844357967376709,0.6505391597747803,0.4852464199066162,63.6550178527832,0.4894651472568512,0.6562382578849792,0.4814140796661377,27.125566482543945,19.008100509643555,18.21816635131836,7269.37744140625,37.402809143066406,50.04032516479492
10035,63.51934814453125,,,,,,25.0,0.48378729820251465,0.6502192616462708,0.4851653575897217,63.51934814453125,0.4873581826686859,0.6541712880134583,0.48141714930534363,27.122861862182617,18.97911834716797,18.18990135192871,7056.65625,37.34037780761719,51.07976531982422
10421,63.38180923461914,,,,,,26.0,0.4844357967376709,0.6508070826530457,0.4868676960468292,63.38180923461914,0.487763375043869,0.6543591022491455,0.47967177629470825,27.154184341430664,18.9488582611084,18.205659866333008,6934.46240234375,37.32292938232422,51.448951721191406
10807,63.33054733276367,,,,,,27.0,0.48638132214546204,0.6522843837738037,0.4854896366596222,63.33054733276367,0.4881685674190521,0.6549877524375916,0.4777572751045227,27.134811401367188,18.89509391784668,18.03085708618164,6797.74609375,37.09104537963867,48.801692962646484
11193,63.634098052978516,,,,,,28.0,0.48508429527282715,0.6520493626594543,0.48775941133499146,63.634098052978516,0.48743921518325806,0.6542847156524658,0.4808306396007538,27.12644386291504,18.8598690032959,18.004924774169922,6679.802734375,37.02701187133789,50.680782318115234
11579,63.36250686645508,,,,,,29.0,0.48508429527282715,0.6516764760017395,0.4870298206806183,63.36250686645508,0.48760131001472473,0.6544888019561768,0.477775514125824,27.163820266723633,18.836681365966797,17.964950561523438,6561.22021484375,36.960994720458984,49.747135162353516
11965,63.219627380371094,,,,,,30.0,0.4889753460884094,0.6549400091171265,0.4886510968208313,63.219627380371094,0.48970827460289,0.6560181379318237,0.48140397667884827,27.117414474487305,18.803144454956055,17.98841667175293,6467.68408203125,36.948638916015625,52.17803955078125
12351,63.25111389160156,,,,,,31.0,0.48962387442588806,0.6546657085418701,0.48484110832214355,63.25111389160156,0.4881685674190521,0.6548182964324951,0.48162680864334106,27.124603271484375,18.805423736572266,18.024324417114258,6300.85205078125,36.98276138305664,50.20962905883789
12737,63.07240676879883,,,,,,32.0,0.4889753460884094,0.6550065875053406,0.48321983218193054,63.07240676879883,0.4867909252643585,0.6538063883781433,0.4790782034397125,27.145145416259766,18.728805541992188,17.85692024230957,6243.9091796875,36.737361907958984,48.94042205810547
13123,63.05406951904297,,,,,,33.0,0.4876783490180969,0.6535211205482483,0.4868676960468292,63.05406951904297,0.48589950799942017,0.6530101299285889,0.48098865151405334,27.132719039916992,18.678821563720703,17.905529022216797,6140.39013671875,36.73345184326172,51.06437301635742
13509,62.92517852783203,,,,,,34.0,0.48638132214546204,0.6526060700416565,0.48638132214546204,62.92517852783203,0.4886547923088074,0.6551773548126221,0.4821454584598541,27.109384536743164,18.699480056762695,17.8740177154541,6045.50537109375,36.72029495239258,50.65156555175781
13895,62.7104606628418,,,,,,35.0,0.4857328236103058,0.6519981622695923,0.48484110832214355,62.7104606628418,0.4891410171985626,0.6558581590652466,0.4799128770828247,27.14604377746582,18.663522720336914,17.74004364013672,5936.31591796875,36.547733306884766,50.22824478149414
14281,62.69317626953125,,,,,,36.0,0.48638132214546204,0.6529187560081482,0.48167964816093445,62.69317626953125,0.4883306324481964,0.6552250385284424,0.47889789938926697,27.15882110595703,18.594562530517578,17.764192581176758,5890.2880859375,36.50179672241211,51.15159225463867
14667,62.91777038574219,,,,,,37.0,0.4889753460884094,0.6553192734718323,0.48540857434272766,62.91777038574219,0.4887358248233795,0.6555246710777283,0.48036670684814453,27.116291046142578,18.62481689453125,17.706151962280273,5797.53759765625,36.47175598144531,50.40011978149414
15053,62.6988525390625,,,,,,38.0,0.4870298206806183,0.6538154482841492,0.4873540997505188,62.6988525390625,0.4881685674190521,0.6548810601234436,0.4819185435771942,27.13730239868164,18.59478759765625,17.64849281311035,5682.53759765625,36.38129425048828,49.88372039794922
15439,62.4597282409668,,,,,,39.0,0.4870298206806183,0.6532203555107117,0.48038262128829956,62.4597282409668,0.48808753490448,0.6548120379447937,0.47902148962020874,27.108631134033203,18.60731315612793,17.665199279785156,5665.59228515625,36.41011047363281,49.914119720458984
15825,62.617855072021484,,,,,,40.0,0.48638132214546204,0.653258740901947,0.4828955829143524,62.617855072021484,0.4891410171985626,0.6557307243347168,0.479629248380661,27.15570068359375,18.575525283813477,17.63275909423828,5520.9296875,36.34235382080078,49.649330139160156
16211,62.587493896484375,,,,,,41.0,0.4876783490180969,0.6538017988204956,0.4828955829143524,62.587493896484375,0.4887358248233795,0.6554222702980042,0.4808002710342407,27.13137435913086,18.55034065246582,17.77509117126465,5497.69091796875,36.45893859863281,51.70213317871094
16597,62.12924575805664,,,,,,42.0,0.4857328236103058,0.6522587537765503,0.48427367210388184,62.12924575805664,0.48800647258758545,0.6547748446464539,0.48104941844940186,27.13227081298828,18.547786712646484,17.522645950317383,5445.388671875,36.202693939208984,51.9185791015625
16983,62.30263137817383,,,,,,43.0,0.4857328236103058,0.6517037749290466,0.4828955829143524,62.30263137817383,0.48857372999191284,0.6551243662834167,0.4801965057849884,27.11905860900879,18.513853073120117,17.597183227539062,5384.900390625,36.241798400878906,49.434837341308594
17369,62.360347747802734,,,,,,44.0,0.49092087149620056,0.6565478444099426,0.484760046005249,62.360347747802734,0.48841166496276855,0.6551980376243591,0.4775567054748535,27.16715431213379,18.51397705078125,17.537769317626953,5316.12939453125,36.18084716796875,49.23887634277344
17755,62.503116607666016,,,,,,45.0,0.4883268475532532,0.6541418433189392,0.48508429527282715,62.503116607666016,0.4879254400730133,0.6548292636871338,0.47777754068374634,27.162734985351562,18.448659896850586,17.558712005615234,5256.390625,36.135013580322266,48.920101165771484
18141,62.364376068115234,,,,,,46.0,0.4870298206806183,0.6535074710845947,0.48565176129341125,62.364376068115234,0.48841166496276855,0.6552906632423401,0.48002633452415466,27.123685836791992,18.424009323120117,17.574846267700195,5159.63818359375,36.12416076660156,49.82880783081055
18527,62.344120025634766,,,,,,47.0,0.4876783490180969,0.6544553637504578,0.4857328236103058,62.344120025634766,0.4867098927497864,0.653722882270813,0.48070910573005676,27.131715774536133,18.456161499023438,17.565019607543945,5158.0302734375,36.146461486816406,50.899105072021484
18913,62.014678955078125,,,,,,48.0,0.4857328236103058,0.6520429849624634,0.48427367210388184,62.014678955078125,0.48630470037460327,0.6531336307525635,0.4797062575817108,27.118045806884766,18.4676456451416,17.499177932739258,5053.244140625,36.08952713012695,49.305240631103516
19299,62.21794509887695,16.17142105102539,9.310600280761719,10.942791938781738,3119.540771484375,16.587879180908203,49.0,0.48962387442588806,0.6559527516365051,0.4833819568157196,62.21794509887695,0.4890599548816681,0.6558096408843994,0.4789242148399353,27.132287979125977,18.418766021728516,17.431926727294922,5095.49609375,35.97443389892578,50.328590393066406
19685,62.047760009765625,,,,,,50.0,0.4876783490180969,0.6538090705871582,0.4846789836883545,62.047760009765625,0.48881685733795166,0.6554809212684631,0.48151740431785583,27.108308792114258,18.4140567779541,17.441577911376953,4981.29248046875,35.97659683227539,52.08039474487305
20071,61.954246520996094,,,,,,51.0,0.4876783490180969,0.6541354656219482,0.4870298206806183,61.954246520996094,0.4876823425292969,0.6546411514282227,0.480050653219223,27.1229305267334,18.34238052368164,17.26422882080078,4950.08154296875,35.72682189941406,46.952117919921875
20457,62.167293548583984,,,,,,52.0,0.4857328236103058,0.6526380181312561,0.4820038974285126,62.167293548583984,0.4883306324481964,0.654803454875946,0.47948944568634033,27.12726593017578,18.343645095825195,17.3369083404541,4909.08935546875,35.79976272583008,50.068817138671875
20843,62.15755844116211,,,,,,53.0,0.4870298206806183,0.6528922915458679,0.4849221706390381,62.15755844116211,0.4888978898525238,0.6555429100990295,0.4804963767528534,27.1248836517334,18.342294692993164,17.269771575927734,4861.14013671875,35.7301139831543,49.13929748535156
21229,62.10784912109375,,,,,,54.0,0.4857328236103058,0.6526564359664917,0.48403048515319824,62.10784912109375,0.48841166496276855,0.6550797820091248,0.4785129725933075,27.105575561523438,18.38140869140625,17.471149444580078,4811.31787109375,35.96938705444336,52.79155731201172
21615,61.82854461669922,,,,,,55.0,0.4870298206806183,0.6529580354690552,0.483760267496109,61.82854461669922,0.48727715015411377,0.6541376709938049,0.4794469177722931,27.140193939208984,18.27505874633789,17.181438446044922,4782.73681640625,35.57263946533203,48.49306106567383
22001,61.94497299194336,,,,,,56.0,0.4876783490180969,0.6538602709770203,0.4838683605194092,61.94497299194336,0.4881685674190521,0.6550204157829285,0.4781665503978729,27.154178619384766,18.374797821044922,17.31745719909668,4738.44091796875,35.807342529296875,50.543216705322266
22387,61.687278747558594,,,,,,57.0,0.4857328236103058,0.652068555355072,0.4846789836883545,61.687278747558594,0.4873581826686859,0.6545432209968567,0.4798683226108551,27.142053604125977,18.2847843170166,17.213945388793945,4684.91943359375,35.61250686645508,50.28304672241211
22773,62.15228271484375,,,,,,58.0,0.4857328236103058,0.6526700854301453,0.48311173915863037,62.15228271484375,0.4879254400730133,0.6546235680580139,0.48016002774238586,27.118967056274414,18.3630428314209,17.366395950317383,4657.2490234375,35.84253692626953,53.345909118652344
23159,61.5523681640625,,,,,,59.0,0.4876783490180969,0.6538410782814026,0.4825713336467743,61.5523681640625,0.48743921518325806,0.6544601917266846,0.4812621474266052,27.11424446105957,18.311120986938477,17.35159683227539,4624.73974609375,35.7750244140625,50.849246978759766
23545,62.03220748901367,,,,,,60.0,0.4876783490180969,0.6544297933578491,0.4870298206806183,62.03220748901367,0.48784440755844116,0.6545851826667786,0.4817727208137512,27.084739685058594,18.260156631469727,17.293903350830078,4588.87548828125,35.665496826171875,49.16865539550781
23931,61.78786087036133,,,,,,61.0,0.48638132214546204,0.6532588005065918,0.4868676960468292,61.78786087036133,0.4876823425292969,0.6545891761779785,0.4782921373844147,27.15360450744629,18.24209976196289,17.200719833374023,4544.072265625,35.55316162109375,51.35408401489258
24317,61.2797966003418,,,,,,62.0,0.4857328236103058,0.6526636481285095,0.48354411125183105,61.2797966003418,0.48857372999191284,0.6555390357971191,0.4798926115036011,27.144123077392578,18.242246627807617,17.162578582763672,4513.2607421875,35.51442337036133,49.67634201049805
24703,62.05012893676758,,,,,,63.0,0.4870298206806183,0.6541609764099121,0.48392239212989807,62.05012893676758,0.4873581826686859,0.6545418500900269,0.4797893166542053,27.098857879638672,18.25660514831543,17.19942283630371,4456.2470703125,35.56425857543945,49.8701057434082
25089,61.62875747680664,,,,,,64.0,0.48638132214546204,0.653252363204956,0.4839494228363037,61.62875747680664,0.48970827460289,0.6562410593032837,0.48112642765045166,27.14300537109375,18.21758460998535,17.196693420410156,4454.369140625,35.52246856689453,47.751991271972656
25475,61.659244537353516,,,,,,65.0,0.48638132214546204,0.6529580354690552,0.4839494228363037,61.659244537353516,0.4884926974773407,0.6549490690231323,0.4789302945137024,27.12569808959961,18.194459915161133,17.079912185668945,4414.17578125,35.381561279296875,48.38628387451172
25861,61.6158561706543,,,,,,66.0,0.4870298206806183,0.653540313243866,0.48273345828056335,61.6158561706543,0.48857372999191284,0.6555306911468506,0.4821960926055908,27.111568450927734,18.234285354614258,16.96197509765625,4414.36474609375,35.3034553527832,49.39398193359375
26247,61.3770866394043,,,,,,67.0,0.48638132214546204,0.6523628830909729,0.4840034544467926,61.3770866394043,0.48784440755844116,0.6545354723930359,0.47848862409591675,27.164430618286133,18.24081802368164,17.18208122253418,4326.6201171875,35.52796936035156,50.68105697631836
26633,61.92291259765625,,,,,,68.0,0.4844357967376709,0.6517806053161621,0.4887861907482147,61.92291259765625,0.48808753490448,0.6548488736152649,0.4801914393901825,27.12560272216797,18.243072509765625,17.189661026000977,4331.921875,35.53794479370117,50.48595428466797
27019,61.41396713256836,,,,,,69.0,0.4870298206806183,0.6532396078109741,0.48416557908058167,61.41396713256836,0.4890599548816681,0.6555374264717102,0.4802633821964264,27.14794921875,18.190044403076172,17.00196075439453,4333.4306640625,35.29723358154297,50.33042526245117
27405,61.721248626708984,,,,,,70.0,0.48638132214546204,0.6535787582397461,0.48440876603126526,61.721248626708984,0.4879254400730133,0.6546637415885925,0.47901538014411926,27.135114669799805,18.130128860473633,16.99591827392578,4246.31591796875,35.22916793823242,50.35496520996094
27791,61.19378662109375,,,,,,71.0,0.48638132214546204,0.6529772281646729,0.4802745282649994,61.19378662109375,0.48897892236709595,0.6559116840362549,0.4795846939086914,27.10865592956543,18.137409210205078,17.006698608398438,4227.5615234375,35.24676513671875,50.3336296081543
28177,61.61681365966797,,,,,,72.0,0.4870298206806183,0.6532460451126099,0.4831928014755249,61.61681365966797,0.4887358248233795,0.6555144786834717,0.4817240834236145,27.10129165649414,18.16972541809082,16.99859619140625,4216.64404296875,35.270729064941406,47.585872650146484
28563,61.642276763916016,,,,,,73.0,0.48638132214546204,0.653252363204956,0.4841926097869873,61.642276763916016,0.4875202476978302,0.6545184254646301,0.4781807065010071,27.13269805908203,18.138479232788086,16.94272232055664,4198.76953125,35.18315505981445,50.602901458740234
28949,61.61213302612305,17.694747924804688,12.716941833496094,8.818990707397461,2664.685546875,52.221744537353516,74.0,0.4876783490180969,0.6547305583953857,0.4825713336467743,61.61213302612305,0.4881685674190521,0.6551345586776733,0.47878238558769226,27.142932891845703,18.199308395385742,16.959646224975586,4190.24755859375,35.260719299316406,50.43037033081055
29335,61.590335845947266,,,,,,75.0,0.4876783490180969,0.6544554233551025,0.4833008944988251,61.590335845947266,0.48760131001472473,0.654572606086731,0.479485422372818,27.142425537109375,18.09720802307129,16.971328735351562,4153.32080078125,35.16940689086914,49.62056350708008
29721,61.35426330566406,,,,,,76.0,0.48508429527282715,0.6517550349235535,0.4852464199066162,61.35426330566406,0.4887358248233795,0.6555500030517578,0.47919368743896484,27.12498664855957,18.13167381286621,16.883575439453125,4145.7275390625,35.115962982177734,47.997005462646484
30107,61.286991119384766,,,,,,77.0,0.48638132214546204,0.6526636481285095,0.4809500575065613,61.286991119384766,0.48897892236709595,0.6557320952415466,0.4816855788230896,27.118005752563477,18.119909286499023,17.054134368896484,4087.32763671875,35.273319244384766,49.76442337036133
30493,61.365177154541016,,,,,,78.0,0.48508429527282715,0.6517806649208069,0.48354411125183105,61.365177154541016,0.48662886023521423,0.6534345149993896,0.48127636313438416,27.122447967529297,18.100818634033203,16.90546417236328,4115.08447265625,35.10620880126953,50.58673858642578
30879,61.355438232421875,,,,,,79.0,0.48508429527282715,0.6523693203926086,0.4831928014755249,61.355438232421875,0.48841166496276855,0.6553418636322021,0.48151135444641113,27.111486434936523,18.09743881225586,16.88770294189453,4075.0166015625,35.08408737182617,49.46697235107422
31265,61.247344970703125,,,,,,80.0,0.4870298206806183,0.6532459855079651,0.4839494228363037,61.247344970703125,0.48760131001472473,0.654634416103363,0.47734805941581726,27.146465301513672,18.074546813964844,16.885997772216797,4050.889404296875,35.05891418457031,48.665924072265625
31651,61.11850357055664,,,,,,81.0,0.4902723729610443,0.6559464335441589,0.4857328236103058,61.11850357055664,0.48808753490448,0.6549009680747986,0.4802289307117462,27.133522033691406,18.156068801879883,16.861799240112305,4007.984375,35.11521911621094,47.71341323852539
32037,61.194664001464844,,,,,,82.0,0.48962387442588806,0.6556528806686401,0.483517050743103,61.194664001464844,0.4883306324481964,0.6550532579421997,0.479485422372818,27.12816047668457,18.088699340820312,16.97314453125,3999.421142578125,35.15898132324219,48.44926452636719
32423,60.84543228149414,,,,,,83.0,0.4876783490180969,0.6538803577423096,0.4834359884262085,60.84543228149414,0.48743921518325806,0.6545076370239258,0.47907212376594543,27.14029884338379,18.009532928466797,16.736543655395508,3963.203857421875,34.842308044433594,48.86254119873047
32809,61.341068267822266,,,,,,84.0,0.48508429527282715,0.6514734625816345,0.4868676960468292,61.341068267822266,0.4873581826686859,0.6541655659675598,0.4796636700630188,27.13251304626465,18.021398544311523,16.90260887145996,3936.24169921875,35.01960754394531,48.90524673461914
33195,61.470428466796875,,,,,,85.0,0.4889753460884094,0.6550377011299133,0.4820038974285126,61.470428466796875,0.4875202476978302,0.654686689376831,0.4811953008174896,27.128772735595703,18.017852783203125,16.724071502685547,3950.582275390625,34.83786392211914,47.04867935180664
33581,61.0576171875,,,,,,86.0,0.4876783490180969,0.6538602709770203,0.4841926097869873,61.0576171875,0.48622366786003113,0.6535027623176575,0.4811466932296753,27.11781120300293,18.06553840637207,17.03113555908203,3908.844482421875,35.191619873046875,50.701332092285156
33967,61.191192626953125,,,,,,87.0,0.4883268475532532,0.6541098356246948,0.4860570728778839,61.191192626953125,0.4873581826686859,0.6543880701065063,0.478529155254364,27.14020538330078,18.031551361083984,16.81532096862793,3889.714111328125,34.94131088256836,47.79523849487305
34353,60.5950813293457,,,,,,88.0,0.4870298206806183,0.6532651782035828,0.4852464199066162,60.5950813293457,0.4887358248233795,0.6556089520454407,0.4795076847076416,27.145858764648438,18.053264617919922,16.823497772216797,3903.36767578125,34.97153854370117,47.533287048339844
34739,61.16862869262695,,,,,,89.0,0.4844357967376709,0.6517806053161621,0.47924771904945374,61.16862869262695,0.48703402280807495,0.6539600491523743,0.4780915677547455,27.121427536010742,18.00607681274414,16.808109283447266,3863.093017578125,34.90802001953125,48.754310607910156
35125,61.01716995239258,,,,,,90.0,0.4876783490180969,0.6538347005844116,0.4839494228363037,61.01716995239258,0.4875202476978302,0.6544464230537415,0.48193681240081787,27.104129791259766,18.081045150756836,17.016490936279297,3835.379150390625,35.190677642822266,52.161231994628906
35511,61.39079666137695,,,,,,91.0,0.48638132214546204,0.6532779335975647,0.4912991523742676,61.39079666137695,0.4888978898525238,0.6552923917770386,0.48032209277153015,27.146013259887695,18.04330825805664,17.015525817871094,3854.653076171875,35.15245056152344,52.332218170166016
35897,61.069759368896484,,,,,,92.0,0.4870298206806183,0.653252363204956,0.4839494228363037,61.069759368896484,0.48703402280807495,0.6538370847702026,0.4809461236000061,27.116308212280273,18.039655685424805,16.866443634033203,3804.17724609375,34.99848937988281,49.80451202392578
36283,60.862388610839844,,,,,,93.0,0.48638132214546204,0.6529836058616638,0.4841926097869873,60.862388610839844,0.4883306324481964,0.6552974581718445,0.48100078105926514,27.121423721313477,18.07110595703125,16.86717414855957,3800.846923828125,35.03057098388672,50.33893966674805
36669,60.98490524291992,,,,,,94.0,0.4857328236103058,0.6523628830909729,0.4796530604362488,60.98490524291992,0.48784440755844116,0.6548161506652832,0.4823419749736786,27.10850715637207,18.096376419067383,16.827754974365234,3769.164306640625,35.015663146972656,48.75722122192383
37055,60.77885437011719,,,,,,95.0,0.48638132214546204,0.652682900428772,0.4828145205974579,60.77885437011719,0.48857372999191284,0.6552223563194275,0.4804639220237732,27.098724365234375,17.997114181518555,16.712318420410156,3754.644287109375,34.80060958862305,48.86821365356445
37441,61.20527648925781,,,,,,96.0,0.49221789836883545,0.6574646830558777,0.4841115474700928,61.20527648925781,0.48808753490448,0.6546578407287598,0.481130450963974,27.1202392578125,17.946041107177734,16.782054901123047,3749.022705078125,34.81912612915039,50.562652587890625
37827,61.0295524597168,,,,,,97.0,0.4889753460884094,0.6547433733940125,0.4879215359687805,61.0295524597168,0.48606160283088684,0.6531108617782593,0.4809744954109192,27.126230239868164,17.96450424194336,16.72426986694336,3743.794921875,34.77969741821289,50.10110855102539
38213,61.191898345947266,,,,,,98.0,0.48638132214546204,0.6529515981674194,0.4834630489349365,61.191898345947266,0.4879254400730133,0.6549085974693298,0.4803200960159302,27.096834182739258,18.006120681762695,16.853172302246094,3717.08984375,34.9495735168457,48.71512985229492
38599,61.06247329711914,14.847240447998047,12.441468238830566,12.782445907592773,2268.8798828125,78.70860290527344,99.0,0.4915693998336792,0.6577718257904053,0.48675960302352905,61.06247329711914,0.48881685733795166,0.6553202867507935,0.4799898862838745,27.144216537475586,17.9395694732666,16.680723190307617,3725.52587890625,34.710777282714844,47.60812759399414
49,,28.039566040039062,23.395931243896484,22.475719451904297,20170.5546875,71.92121124267578,0.0,,,,,,,,,,,,,
99,,25.333738327026367,22.141395568847656,20.78919219970703,19729.98046875,73.87413787841797,0.0,,,,,,,,,,,,,
149,,27.86391830444336,22.65993881225586,21.687000274658203,19080.529296875,64.71573638916016,0.0,,,,,,,,,,,,,
199,,26.743309020996094,22.180299758911133,20.422927856445312,18707.697265625,52.32832717895508,0.0,,,,,,,,,,,,,
249,,26.617034912109375,22.174095153808594,19.594310760498047,18298.98828125,41.747318267822266,0.0,,,,,,,,,,,,,
299,,27.76888084411621,22.028987884521484,20.213180541992188,17903.328125,59.23666000366211,0.0,,,,,,,,,,,,,
349,,28.613079071044922,21.833438873291016,20.447683334350586,17647.3828125,34.01634979248047,0.0,,,,,,,,,,,,,
399,,26.485149383544922,21.91928482055664,21.957782745361328,17452.70703125,39.89305114746094,1.0,,,,,,,,,,,,,
449,,27.669044494628906,21.220748901367188,19.410518646240234,17104.728515625,45.44809341430664,1.0,,,,,,,,,,,,,
499,,26.976774215698242,21.5108585357666,20.852876663208008,16760.96875,33.222049713134766,1.0,,,,,,,,,,,,,
549,,27.489931106567383,21.738597869873047,21.530414581298828,16593.8125,31.77512550354004,1.0,,,,,,,,,,,,,
599,,26.906356811523438,22.150829315185547,21.048219680786133,16628.005859375,34.987464904785156,1.0,,,,,,,,,,,,,
649,,26.87334442138672,22.338775634765625,22.36593246459961,16168.248046875,43.19097137451172,1.0,,,,,,,,,,,,,
699,,27.07990264892578,21.83464813232422,20.168685913085938,16096.4970703125,41.750450134277344,1.0,,,,,,,,,,,,,
749,,27.751548767089844,21.775184631347656,21.43805694580078,15935.1591796875,35.76286697387695,1.0,,,,,,,,,,,,,
799,,26.098743438720703,21.534448623657227,20.61932373046875,15616.6376953125,32.02229309082031,2.0,,,,,,,,,,,,,
849,,27.53131675720215,22.205142974853516,22.292598724365234,15638.603515625,35.563270568847656,2.0,,,,,,,,,,,,,
899,,26.275123596191406,22.065574645996094,20.866363525390625,15390.462890625,34.92549514770508,2.0,,,,,,,,,,,,,
949,,25.14902687072754,21.090946197509766,20.218124389648438,15278.4775390625,88.98091888427734,2.0,,,,,,,,,,,,,
999,,26.968473434448242,21.370067596435547,20.153152465820312,15111.3642578125,25.58957862854004,2.0,,,,,,,,,,,,,
1049,,29.437175750732422,22.274044036865234,22.73102378845215,15073.2080078125,69.93888092041016,2.0,,,,,,,,,,,,,
1099,,26.981306076049805,21.187793731689453,21.743186950683594,14926.04296875,31.433780670166016,2.0,,,,,,,,,,,,,
1149,,25.18746566772461,20.108694076538086,19.426050186157227,14902.134765625,84.4149169921875,2.0,,,,,,,,,,,,,
1199,,24.88397216796875,20.85235595703125,19.331741333007812,14658.19921875,93.67137908935547,3.0,,,,,,,,,,,,,
1249,,24.75769805908203,21.084897994995117,20.44994354248047,14586.623046875,91.60502624511719,3.0,,,,,,,,,,,,,
1299,,27.006362915039062,21.41796112060547,23.892532348632812,14608.017578125,36.377506256103516,3.0,,,,,,,,,,,,,
1349,,26.854040145874023,21.081411361694336,19.588134765625,14316.142578125,31.860530853271484,3.0,,,,,,,,,,,,,
1399,,25.1357421875,21.137561798095703,19.639028549194336,14294.7578125,47.00394058227539,3.0,,,,,,,,,,,,,
1449,,27.6329345703125,21.208892822265625,18.035400390625,14230.607421875,52.68267059326172,3.0,,,,,,,,,,,,,
1499,,26.237651824951172,20.769132614135742,19.957141876220703,14179.5146484375,63.99884796142578,3.0,,,,,,,,,,,,,
1549,,30.832324981689453,22.52698516845703,21.588747024536133,13974.744140625,108.15961456298828,4.0,,,,,,,,,,,,,
1599,,24.373065948486328,20.911388397216797,19.925758361816406,13983.630859375,52.07438659667969,4.0,,,,,,,,,,,,,
1649,,25.100078582763672,20.903606414794922,19.58892822265625,14015.4736328125,59.761680603027344,4.0,,,,,,,,,,,,,
1699,,27.20039176940918,21.591615676879883,19.10513687133789,13783.2763671875,29.767684936523438,4.0,,,,,,,,,,,,,
1749,,28.369861602783203,21.085973739624023,20.354949951171875,13848.431640625,69.04074096679688,4.0,,,,,,,,,,,,,
1799,,26.77850341796875,20.581371307373047,18.33102035522461,13588.80859375,18.350948333740234,4.0,,,,,,,,,,,,,
1849,,26.54397201538086,21.328323364257812,19.576984405517578,13458.4130859375,32.263484954833984,4.0,,,,,,,,,,,,,
1899,,30.287567138671875,20.958145141601562,17.951862335205078,13429.69140625,132.6192626953125,4.0,,,,,,,,,,,,,
1949,,25.57470703125,20.6608829498291,20.672321319580078,13463.83203125,59.18818664550781,5.0,,,,,,,,,,,,,
1999,,27.65487289428711,19.650470733642578,20.115421295166016,13502.8623046875,37.00506591796875,5.0,,,,,,,,,,,,,
2049,,25.698177337646484,20.820297241210938,21.32493019104004,13405.1806640625,83.5969467163086,5.0,,,,,,,,,,,,,
2099,,28.014423370361328,20.958145141601562,22.23398208618164,13193.79296875,44.01885986328125,5.0,,,,,,,,,,,,,
2149,,26.42226791381836,21.739734649658203,21.4273681640625,12961.357421875,20.298446655273438,5.0,,,,,,,,,,,,,
2199,,25.44486427307129,20.975513458251953,22.851726531982422,13102.9052734375,37.64109420776367,5.0,,,,,,,,,,,,,
2249,,25.54423713684082,20.8059024810791,21.161846160888672,13002.548828125,60.418861389160156,5.0,,,,,,,,,,,,,
2299,,27.986953735351562,21.204994201660156,21.168922424316406,12971.384765625,32.30702209472656,5.0,,,,,,,,,,,,,
2349,,27.21712875366211,19.580432891845703,19.172985076904297,12985.974609375,29.528860092163086,6.0,,,,,,,,,,,,,
2399,,26.7612247467041,19.233177185058594,17.754976272583008,12780.3203125,39.12835693359375,6.0,,,,,,,,,,,,,
2449,,27.342533111572266,19.649948120117188,20.531034469604492,12683.123046875,33.40061950683594,6.0,,,,,,,,,,,,,
2499,,29.44133949279785,20.978973388671875,19.884838104248047,12702.970703125,90.13973999023438,6.0,,,,,,,,,,,,,
2549,,25.755050659179688,19.974384307861328,19.965534210205078,12673.8505859375,82.07298278808594,6.0,,,,,,,,,,,,,
2599,,27.833511352539062,18.786479949951172,17.456756591796875,12708.7734375,35.71128463745117,6.0,,,,,,,,,,,,,
2649,,26.868680953979492,20.13427734375,17.251354217529297,12836.59375,39.30085372924805,6.0,,,,,,,,,,,,,
2699,,26.07842445373535,20.179073333740234,19.767921447753906,12536.126953125,41.728858947753906,6.0,,,,,,,,,,,,,
2749,,27.31834602355957,21.224491119384766,21.287033081054688,12487.076171875,56.96271896362305,7.0,,,,,,,,,,,,,
2799,,25.34473419189453,21.198699951171875,19.655563354492188,12303.19140625,78.35956573486328,7.0,,,,,,,,,,,,,
2849,,24.202327728271484,20.179805755615234,17.65387725830078,12286.9736328125,59.892333984375,7.0,,,,,,,,,,,,,
2899,,29.873897552490234,22.574920654296875,21.949689865112305,12219.1962890625,123.50141906738281,7.0,,,,,,,,,,,,,
2949,,27.295265197753906,20.571125030517578,20.252002716064453,12163.8359375,26.027528762817383,7.0,,,,,,,,,,,,,
2999,,26.97469139099121,20.61121368408203,18.406429290771484,12047.9111328125,68.81843566894531,7.0,,,,,,,,,,,,,
3049,,27.93869400024414,19.79010009765625,20.96477508544922,12080.779296875,40.004634857177734,7.0,,,,,,,,,,,,,
3099,,28.178936004638672,21.22709846496582,17.49762535095215,11982.73046875,25.27579116821289,8.0,,,,,,,,,,,,,
3149,,27.10666275024414,20.916183471679688,19.150226593017578,11780.21484375,36.421024322509766,8.0,,,,,,,,,,,,,
3199,,27.698450088500977,18.539833068847656,17.168102264404297,11670.611328125,29.920053482055664,8.0,,,,,,,,,,,,,
3249,,27.868391036987305,19.41980743408203,17.0251407623291,11699.2705078125,28.151742935180664,8.0,,,,,,,,,,,,,
3299,,27.634164810180664,22.203765869140625,20.407028198242188,11644.037109375,129.2668914794922,8.0,,,,,,,,,,,,,
3349,,26.744482040405273,20.974464416503906,21.308469772338867,11485.49609375,36.72151565551758,8.0,,,,,,,,,,,,,
3399,,25.94395637512207,19.796783447265625,17.26214027404785,11568.7451171875,35.99076843261719,8.0,,,,,,,,,,,,,
3449,,26.765060424804688,21.002033233642578,21.87984275817871,11558.95703125,26.290569305419922,8.0,,,,,,,,,,,,,
3499,,29.028356552124023,20.33180809020996,20.056079864501953,11510.388671875,23.98858070373535,9.0,,,,,,,,,,,,,
3549,,26.896156311035156,20.2608642578125,21.614425659179688,11444.099609375,24.796491622924805,9.0,,,,,,,,,,,,,
3599,,28.378313064575195,18.918079376220703,16.85724639892578,11231.787109375,51.392520904541016,9.0,,,,,,,,,,,,,
3649,,28.10528564453125,19.790048599243164,18.15830421447754,11259.349609375,22.699438095092773,9.0,,,,,,,,,,,,,
3699,,28.937179565429688,21.373159408569336,17.854454040527344,11180.255859375,79.57108306884766,9.0,,,,,,,,,,,,,
3749,,28.98444366455078,19.801414489746094,19.01691436767578,11190.5361328125,93.99239349365234,9.0,,,,,,,,,,,,,
3799,,28.086517333984375,20.568912506103516,18.07589340209961,11179.033203125,48.45248031616211,9.0,,,,,,,,,,,,,
3849,,24.870569229125977,19.457576751708984,17.666282653808594,11088.029296875,101.48908996582031,9.0,,,,,,,,,,,,,
3899,,27.28067398071289,20.836380004882812,20.044376373291016,11123.2890625,19.08802604675293,10.0,,,,,,,,,,,,,
3949,,28.020912170410156,20.882543563842773,18.609622955322266,11084.671875,19.491764068603516,10.0,,,,,,,,,,,,,
3999,,27.90822982788086,20.102319717407227,22.703655242919922,10945.244140625,46.60326385498047,10.0,,,,,,,,,,,,,
4049,,27.2943172454834,19.963586807250977,24.427135467529297,10942.099609375,53.440738677978516,10.0,,,,,,,,,,,,,
4099,,26.787277221679688,19.987627029418945,14.767805099487305,11141.734375,42.24723815917969,10.0,,,,,,,,,,,,,
4149,,26.052642822265625,20.517797470092773,20.35538673400879,10833.9873046875,82.69371795654297,10.0,,,,,,,,,,,,,
4199,,26.9395694732666,20.86946678161621,19.377222061157227,10815.9189453125,31.349040985107422,10.0,,,,,,,,,,,,,
4249,,25.37010383605957,19.39272117614746,19.343971252441406,10684.30078125,72.57329559326172,11.0,,,,,,,,,,,,,
4299,,26.70132064819336,21.062210083007812,16.94144630432129,10461.9970703125,37.164180755615234,11.0,,,,,,,,,,,,,
4349,,26.550464630126953,18.00261116027832,17.40288543701172,10491.8388671875,27.05584716796875,11.0,,,,,,,,,,,,,
4399,,26.428524017333984,19.66596031188965,14.696941375732422,10430.91015625,31.830978393554688,11.0,,,,,,,,,,,,,
4449,,25.41912078857422,20.142311096191406,19.60674476623535,10396.6796875,50.90747833251953,11.0,,,,,,,,,,,,,
4499,,27.151399612426758,19.08761215209961,16.900056838989258,10484.3544921875,44.92183303833008,11.0,,,,,,,,,,,,,
4549,,27.437786102294922,18.505739212036133,20.786609649658203,10215.185546875,36.0854606628418,11.0,,,,,,,,,,,,,
4599,,28.56484603881836,20.194263458251953,16.64499282836914,10149.748046875,31.346025466918945,11.0,,,,,,,,,,,,,
4649,,26.509265899658203,21.78229522705078,19.608062744140625,10139.3828125,26.086111068725586,12.0,,,,,,,,,,,,,
4699,,28.287569046020508,22.35523223876953,17.57642364501953,10203.9638671875,35.241790771484375,12.0,,,,,,,,,,,,,
4749,,25.522153854370117,20.63532257080078,22.947011947631836,10048.572265625,57.356136322021484,12.0,,,,,,,,,,,,,
4799,,27.996374130249023,20.62006378173828,20.037864685058594,9981.32421875,59.42095947265625,12.0,,,,,,,,,,,,,
4849,,27.53113555908203,19.301685333251953,19.90410614013672,10237.0712890625,39.027015686035156,12.0,,,,,,,,,,,,,
4899,,25.36003875732422,21.099210739135742,18.614723205566406,10180.4697265625,79.53960418701172,12.0,,,,,,,,,,,,,
4949,,28.596546173095703,19.65477752685547,21.330472946166992,9746.0341796875,55.30891036987305,12.0,,,,,,,,,,,,,
4999,,28.945077896118164,18.302282333374023,14.818041801452637,9986.80859375,31.349092483520508,12.0,,,,,,,,,,,,,
5049,,27.48270606994629,18.768911361694336,15.874422073364258,9817.5048828125,20.76816177368164,13.0,,,,,,,,,,,,,
5099,,28.245344161987305,22.31488037109375,21.043865203857422,9804.4052734375,37.41025161743164,13.0,,,,,,,,,,,,,
5149,,25.80111312866211,21.164960861206055,21.947311401367188,9820.5703125,97.11924743652344,13.0,,,,,,,,,,,,,
5199,,26.588016510009766,19.4822998046875,18.34844970703125,9779.6767578125,35.05537414550781,13.0,,,,,,,,,,,,,
5249,,27.6007137298584,18.7169189453125,17.372337341308594,9700.642578125,25.48067855834961,13.0,,,,,,,,,,,,,
5299,,27.511119842529297,19.990257263183594,25.3635196685791,9668.3515625,44.8979377746582,13.0,,,,,,,,,,,,,
5349,,25.39145851135254,19.266284942626953,16.02424430847168,9713.357421875,85.4527359008789,13.0,,,,,,,,,,,,,
5399,,27.580875396728516,18.520048141479492,15.667015075683594,9732.7060546875,33.9461669921875,13.0,,,,,,,,,,,,,
5449,,25.934921264648438,18.36134910583496,16.173734664916992,9507.296875,63.71234130859375,14.0,,,,,,,,,,,,,
5499,,26.126428604125977,18.659221649169922,18.015005111694336,9363.5732421875,20.196979522705078,14.0,,,,,,,,,,,,,
5549,,27.907482147216797,17.729896545410156,19.32547950744629,9272.232421875,26.41646385192871,14.0,,,,,,,,,,,,,
5599,,26.040401458740234,19.611581802368164,16.698209762573242,9341.6640625,67.06868743896484,14.0,,,,,,,,,,,,,
5649,,29.4144229888916,19.133216857910156,19.491092681884766,9370.4365234375,83.62244415283203,14.0,,,,,,,,,,,,,
5699,,27.31502914428711,18.749052047729492,17.539100646972656,9276.908203125,22.905603408813477,14.0,,,,,,,,,,,,,
5749,,27.188114166259766,19.128829956054688,20.666732788085938,9534.03515625,23.0411319732666,14.0,,,,,,,,,,,,,
5799,,26.346654891967773,17.922931671142578,15.586984634399414,9387.630859375,52.10606002807617,15.0,,,,,,,,,,,,,
5849,,27.429229736328125,17.32054328918457,14.272336959838867,9293.4189453125,27.406965255737305,15.0,,,,,,,,,,,,,
5899,,27.83374786376953,18.035503387451172,16.84477996826172,9145.30859375,23.301502227783203,15.0,,,,,,,,,,,,,
5949,,26.46915626525879,22.052536010742188,19.11223030090332,9198.3232421875,28.40622329711914,15.0,,,,,,,,,,,,,
5999,,28.67059326171875,17.88005256652832,15.041074752807617,9209.638671875,30.67844581604004,15.0,,,,,,,,,,,,,
6049,,25.965129852294922,19.967012405395508,16.45711326599121,9040.486328125,81.27235412597656,15.0,,,,,,,,,,,,,
6099,,27.833845138549805,19.34221649169922,17.064851760864258,9032.234375,34.678775787353516,15.0,,,,,,,,,,,,,
6149,,28.498905181884766,17.547237396240234,17.09246063232422,9003.974609375,67.04371643066406,15.0,,,,,,,,,,,,,
6199,,28.663681030273438,20.633865356445312,17.184200286865234,9010.7998046875,28.07359504699707,16.0,,,,,,,,,,,,,
6249,,28.718891143798828,19.567672729492188,18.48169708251953,8929.591796875,51.519474029541016,16.0,,,,,,,,,,,,,
6299,,26.719940185546875,18.181671142578125,14.745478630065918,8988.546875,67.9620361328125,16.0,,,,,,,,,,,,,
6349,,29.572141647338867,18.15715980529785,18.56598663330078,8766.8740234375,76.26680755615234,16.0,,,,,,,,,,,,,
6399,,27.01258087158203,19.1185245513916,17.30026626586914,8760.26171875,18.801925659179688,16.0,,,,,,,,,,,,,
6449,,27.906049728393555,19.794719696044922,18.451698303222656,8777.55859375,25.642501831054688,16.0,,,,,,,,,,,,,
6499,,29.34658432006836,18.38241195678711,20.207523345947266,8647.5361328125,54.16875457763672,16.0,,,,,,,,,,,,,
6549,,24.673194885253906,19.67812728881836,20.43637466430664,8723.234375,123.1828842163086,16.0,,,,,,,,,,,,,
6599,,24.916366577148438,21.022518157958984,23.587047576904297,8715.931640625,57.93202590942383,17.0,,,,,,,,,,,,,
6649,,26.25509262084961,18.368244171142578,17.162944793701172,8625.05078125,78.25446319580078,17.0,,,,,,,,,,,,,
6699,,24.869840621948242,19.43682289123535,17.323440551757812,8640.37109375,113.47100067138672,17.0,,,,,,,,,,,,,
6749,,24.793716430664062,20.751510620117188,21.047666549682617,8471.111328125,94.10186004638672,17.0,,,,,,,,,,,,,
6799,,28.977327346801758,21.206205368041992,17.484912872314453,8458.2802734375,61.70630645751953,17.0,,,,,,,,,,,,,
6849,,27.31401824951172,20.098773956298828,20.0296630859375,8396.841796875,32.6525764465332,17.0,,,,,,,,,,,,,
6899,,24.950965881347656,18.981739044189453,17.4910945892334,8552.455078125,107.47948455810547,17.0,,,,,,,,,,,,,
6949,,27.82602882385254,18.871196746826172,16.949329376220703,8464.93359375,22.020273208618164,18.0,,,,,,,,,,,,,
6999,,27.82319450378418,18.37851333618164,16.958555221557617,8468.115234375,26.997106552124023,18.0,,,,,,,,,,,,,
7049,,26.445344924926758,17.994123458862305,14.237508773803711,8302.06640625,29.553207397460938,18.0,,,,,,,,,,,,,
7099,,27.269838333129883,20.264856338500977,18.85883331298828,8526.279296875,32.835914611816406,18.0,,,,,,,,,,,,,
7149,,28.591102600097656,19.77267837524414,19.824935913085938,8286.5703125,81.59817504882812,18.0,,,,,,,,,,,,,
7199,,28.05913543701172,18.752622604370117,19.596961975097656,8300.76171875,25.732213973999023,18.0,,,,,,,,,,,,,
7249,,28.282346725463867,17.430889129638672,17.24384117126465,8131.55322265625,32.57929611206055,18.0,,,,,,,,,,,,,
7299,,25.459373474121094,18.49378776550293,18.238555908203125,8208.68359375,83.51055908203125,18.0,,,,,,,,,,,,,
7349,,28.26712417602539,19.391019821166992,18.243160247802734,8333.705078125,70.9285888671875,19.0,,,,,,,,,,,,,
7399,,23.696460723876953,20.816776275634766,20.87250518798828,8131.4130859375,114.13512420654297,19.0,,,,,,,,,,,,,
7449,,24.148418426513672,20.689830780029297,22.062376022338867,8233.921875,121.06930541992188,19.0,,,,,,,,,,,,,
7499,,25.131267547607422,19.644006729125977,18.233198165893555,8268.6845703125,61.88313674926758,19.0,,,,,,,,,,,,,
7549,,26.899126052856445,18.54204559326172,16.456340789794922,8056.20166015625,58.173797607421875,19.0,,,,,,,,,,,,,
7599,,26.07886505126953,18.675321578979492,18.618972778320312,8069.0400390625,76.0280532836914,19.0,,,,,,,,,,,,,
7649,,26.880626678466797,17.709409713745117,23.746051788330078,8041.69140625,53.110862731933594,19.0,,,,,,,,,,,,,
7699,,27.79431915283203,19.441364288330078,17.30864715576172,8003.63525390625,39.2543830871582,19.0,,,,,,,,,,,,,
7749,,27.477005004882812,16.150550842285156,17.83510971069336,7979.306640625,29.262746810913086,20.0,,,,,,,,,,,,,
7799,,28.16840171813965,21.566940307617188,22.400758743286133,7924.76953125,41.92810821533203,20.0,,,,,,,,,,,,,
7849,,25.777645111083984,20.19858169555664,18.166854858398438,8082.88525390625,39.33754348754883,20.0,,,,,,,,,,,,,
7899,,24.374656677246094,18.91635513305664,25.651569366455078,7908.3154296875,106.5635986328125,20.0,,,,,,,,,,,,,
7949,,28.507892608642578,19.6024112701416,18.511566162109375,7946.1435546875,20.959617614746094,20.0,,,,,,,,,,,,,
7999,,26.16164207458496,16.42648696899414,15.67774486541748,7944.935546875,44.84563064575195,20.0,,,,,,,,,,,,,
8049,,26.73157501220703,16.80366325378418,15.035548210144043,7815.05615234375,36.01495361328125,20.0,,,,,,,,,,,,,
8099,,27.155515670776367,20.534286499023438,21.94586181640625,7808.064453125,21.88982391357422,20.0,,,,,,,,,,,,,
8149,,29.194549560546875,20.723186492919922,18.713544845581055,7711.8466796875,86.3569107055664,21.0,,,,,,,,,,,,,
8199,,28.842140197753906,18.31407928466797,17.71770668029785,7864.34375,67.91163635253906,21.0,,,,,,,,,,,,,
8249,,25.408615112304688,20.296688079833984,20.59695816040039,7959.2724609375,98.38175964355469,21.0,,,,,,,,,,,,,
8299,,26.739830017089844,19.96006965637207,17.9979248046875,7710.19677734375,21.121532440185547,21.0,,,,,,,,,,,,,
8349,,27.075580596923828,22.297386169433594,27.795398712158203,7723.3662109375,51.38634490966797,21.0,,,,,,,,,,,,,
8399,,26.506023406982422,18.47984504699707,20.6384334564209,7721.369140625,36.27308654785156,21.0,,,,,,,,,,,,,
8449,,28.53484535217285,18.784690856933594,18.641002655029297,7463.4541015625,66.76988220214844,21.0,,,,,,,,,,,,,
8499,,27.894489288330078,19.598602294921875,18.411602020263672,7444.044921875,44.95741653442383,22.0,,,,,,,,,,,,,
8549,,27.545923233032227,19.72043228149414,17.2353515625,7780.32861328125,72.88641357421875,22.0,,,,,,,,,,,,,
8599,,27.608795166015625,20.428428649902344,20.714889526367188,7602.6630859375,33.508609771728516,22.0,,,,,,,,,,,,,
8649,,27.94206428527832,15.602648735046387,15.850343704223633,7527.02783203125,23.917112350463867,22.0,,,,,,,,,,,,,
8699,,27.516204833984375,21.730812072753906,18.885692596435547,7533.162109375,29.248981475830078,22.0,,,,,,,,,,,,,
8749,,26.08329963684082,17.396095275878906,16.024160385131836,7466.701171875,32.223445892333984,22.0,,,,,,,,,,,,,
8799,,26.783977508544922,19.73033905029297,17.316436767578125,7576.9501953125,48.28359603881836,22.0,,,,,,,,,,,,,
8849,,28.17314910888672,17.953075408935547,15.88247013092041,7435.80517578125,44.403621673583984,22.0,,,,,,,,,,,,,
8899,,25.031206130981445,19.414508819580078,18.205585479736328,7375.125,38.57339096069336,23.0,,,,,,,,,,,,,
8949,,26.740806579589844,19.123790740966797,17.151241302490234,7409.3125,20.569311141967773,23.0,,,,,,,,,,,,,
8999,,25.015117645263672,21.391281127929688,28.318572998046875,7294.087890625,87.7282943725586,23.0,,,,,,,,,,,,,
9049,,26.041343688964844,17.310470581054688,16.0667724609375,7401.240234375,50.21187973022461,23.0,,,,,,,,,,,,,
9099,,27.517227172851562,19.073421478271484,18.438434600830078,7417.63623046875,26.833127975463867,23.0,,,,,,,,,,,,,
9149,,27.86212921142578,19.24134063720703,16.98279571533203,7279.26953125,33.3657112121582,23.0,,,,,,,,,,,,,
9199,,28.94538116455078,19.405731201171875,15.012137413024902,7296.7548828125,47.93944549560547,23.0,,,,,,,,,,,,,
9249,,24.168598175048828,22.44510841369629,25.041595458984375,7275.435546875,99.26355743408203,23.0,,,,,,,,,,,,,
9299,,27.14309310913086,18.430252075195312,15.681492805480957,7459.990234375,21.86880111694336,24.0,,,,,,,,,,,,,
9349,,28.573495864868164,16.612503051757812,20.465965270996094,7307.25048828125,70.75544738769531,24.0,,,,,,,,,,,,,
9399,,25.502044677734375,18.71601104736328,19.280487060546875,7348.18310546875,74.93534088134766,24.0,,,,,,,,,,,,,
9449,,26.845394134521484,19.54096221923828,18.18909454345703,7390.9951171875,33.93730545043945,24.0,,,,,,,,,,,,,
9499,,25.17470932006836,18.60149383544922,19.667736053466797,7376.138671875,35.89023971557617,24.0,,,,,,,,,,,,,
9549,,28.45931625366211,19.066308975219727,19.67483139038086,7146.10498046875,49.51422119140625,24.0,,,,,,,,,,,,,
9599,,26.91814422607422,18.675735473632812,16.71350860595703,7121.951171875,23.997316360473633,24.0,,,,,,,,,,,,,
9699,,27.814353942871094,16.508607864379883,16.512149810791016,7008.5869140625,18.5202693939209,25.0,,,,,,,,,,,,,
9749,,25.583677291870117,18.808664321899414,19.587244033813477,6951.8564453125,51.41090393066406,25.0,,,,,,,,,,,,,
9799,,27.499773025512695,21.014995574951172,25.389854431152344,7018.77880859375,47.243873596191406,25.0,,,,,,,,,,,,,
9849,,23.17605972290039,17.863079071044922,17.586532592773438,6993.0478515625,119.14954376220703,25.0,,,,,,,,,,,,,
9899,,25.597244262695312,19.887662887573242,19.622421264648438,6963.60693359375,60.58429718017578,25.0,,,,,,,,,,,,,
9949,,29.06826400756836,19.645893096923828,18.309295654296875,6916.01123046875,91.6648178100586,25.0,,,,,,,,,,,,,
9999,,25.445186614990234,17.57502555847168,20.48654556274414,7130.2734375,86.8260726928711,25.0,,,,,,,,,,,,,
10049,,25.21725082397461,17.437705993652344,18.21185874938965,7055.6298828125,101.71006774902344,26.0,,,,,,,,,,,,,
10099,,27.082801818847656,19.580169677734375,17.72205352783203,7087.61376953125,19.21282958984375,26.0,,,,,,,,,,,,,
10149,,28.90640640258789,17.362579345703125,20.25144386291504,6913.56103515625,47.629276275634766,26.0,,,,,,,,,,,,,
10199,,25.300426483154297,18.662982940673828,19.40308380126953,6985.54833984375,103.22989654541016,26.0,,,,,,,,,,,,,
10249,,25.120738983154297,19.142602920532227,21.379066467285156,6928.81640625,77.63876342773438,26.0,,,,,,,,,,,,,
10299,,28.583255767822266,18.22897720336914,20.08562469482422,6797.0830078125,65.00251770019531,26.0,,,,,,,,,,,,,
10349,,26.753597259521484,19.51156234741211,15.356565475463867,6946.150390625,31.197673797607422,26.0,,,,,,,,,,,,,
10399,,25.687286376953125,18.332229614257812,14.74843692779541,7001.1357421875,50.02549743652344,26.0,,,,,,,,,,,,,
10449,,27.685115814208984,18.730422973632812,17.93617820739746,6886.482421875,45.06988525390625,27.0,,,,,,,,,,,,,
10499,,26.66863250732422,21.899524688720703,22.336761474609375,6918.48291015625,30.018159866333008,27.0,,,,,,,,,,,,,
10549,,28.149555206298828,19.595836639404297,17.947633743286133,6880.9501953125,25.531280517578125,27.0,,,,,,,,,,,,,
10599,,25.871450424194336,19.11566162109375,18.446693420410156,6805.875,29.55783462524414,27.0,,,,,,,,,,,,,
10649,,24.965456008911133,16.226177215576172,12.083303451538086,6759.3193359375,62.855201721191406,27.0,,,,,,,,,,,,,
10699,,26.944435119628906,21.695770263671875,23.079620361328125,6709.75341796875,36.56913757324219,27.0,,,,,,,,,,,,,
10749,,29.765830993652344,22.410877227783203,22.774446487426758,6692.31396484375,95.86469268798828,27.0,,,,,,,,,,,,,
10799,,26.08980941772461,19.496801376342773,18.165931701660156,6726.3740234375,63.224525451660156,27.0,,,,,,,,,,,,,
10849,,28.981468200683594,21.01836585998535,18.262195587158203,6715.05078125,62.37360382080078,28.0,,,,,,,,,,,,,
10899,,24.219900131225586,20.661331176757812,21.83249282836914,6766.0068359375,104.1705551147461,28.0,,,,,,,,,,,,,
10949,,27.610416412353516,19.53852653503418,20.342487335205078,6650.40771484375,105.30567932128906,28.0,,,,,,,,,,,,,
10999,,28.619338989257812,18.54966926574707,18.772022247314453,6645.62890625,38.405372619628906,28.0,,,,,,,,,,,,,
11049,,28.973461151123047,20.67898941040039,19.720369338989258,6634.4833984375,77.38965606689453,28.0,,,,,,,,,,,,,
11099,,27.12845802307129,18.327577590942383,20.743803024291992,6506.15234375,43.947505950927734,28.0,,,,,,,,,,,,,
11149,,26.53209686279297,20.16166114807129,17.027456283569336,6665.6494140625,61.16102600097656,28.0,,,,,,,,,,,,,
11199,,27.913986206054688,16.822498321533203,13.722362518310547,6514.3427734375,31.323354721069336,29.0,,,,,,,,,,,,,
11249,,25.79241943359375,17.50766372680664,15.516456604003906,6761.7060546875,42.39013671875,29.0,,,,,,,,,,,,,
11299,,26.70391082763672,17.441308975219727,16.443798065185547,6538.69140625,20.293184280395508,29.0,,,,,,,,,,,,,
11349,,26.40761375427246,17.741134643554688,18.545635223388672,6493.90185546875,35.066131591796875,29.0,,,,,,,,,,,,,
11399,,27.037349700927734,17.480003356933594,17.058765411376953,6544.1484375,28.984689712524414,29.0,,,,,,,,,,,,,
11449,,26.127010345458984,17.332225799560547,18.55552101135254,6574.115234375,36.85062789916992,29.0,,,,,,,,,,,,,
11499,,27.791521072387695,19.918258666992188,19.82147216796875,6518.3212890625,18.1756534576416,29.0,,,,,,,,,,,,,
11549,,26.280887603759766,16.95757293701172,12.092697143554688,6562.9140625,75.44719696044922,29.0,,,,,,,,,,,,,
11599,,25.382463455200195,18.304174423217773,14.894852638244629,6511.8779296875,40.21490478515625,30.0,,,,,,,,,,,,,
11649,,27.613338470458984,18.901565551757812,16.398305892944336,6523.7705078125,22.307863235473633,30.0,,,,,,,,,,,,,
11699,,28.612369537353516,20.556537628173828,17.647674560546875,6781.8271484375,65.68458557128906,30.0,,,,,,,,,,,,,
11749,,25.828859329223633,19.7612361907959,17.3220272064209,6515.9140625,42.438053131103516,30.0,,,,,,,,,,,,,
11799,,25.196521759033203,16.319307327270508,17.3980712890625,6411.0341796875,107.59771728515625,30.0,,,,,,,,,,,,,
11849,,29.51295280456543,22.22425079345703,21.699535369873047,6385.484375,47.25238800048828,30.0,,,,,,,,,,,,,
11899,,25.907075881958008,17.507003784179688,19.4061336517334,6474.6884765625,23.948362350463867,30.0,,,,,,,,,,,,,
11949,,24.926673889160156,22.210880279541016,24.063735961914062,6523.298828125,62.06922149658203,30.0,,,,,,,,,,,,,
11999,,26.80396270751953,19.50200653076172,21.345321655273438,6251.51953125,34.448936462402344,31.0,,,,,,,,,,,,,
12049,,25.722991943359375,21.20462417602539,20.005172729492188,6254.03515625,58.333221435546875,31.0,,,,,,,,,,,,,
12099,,28.468181610107422,19.697410583496094,15.842575073242188,6350.10546875,52.013790130615234,31.0,,,,,,,,,,,,,
12149,,26.410158157348633,17.771427154541016,17.751596450805664,6282.9560546875,34.63047790527344,31.0,,,,,,,,,,,,,
12199,,28.015335083007812,20.04397201538086,16.65559196472168,6243.962890625,61.07501983642578,31.0,,,,,,,,,,,,,
12249,,27.723602294921875,21.43924903869629,15.90281867980957,6263.7890625,24.560083389282227,31.0,,,,,,,,,,,,,
12299,,28.620140075683594,18.748437881469727,16.579116821289062,6355.41259765625,24.655488967895508,31.0,,,,,,,,,,,,,
12349,,26.07341766357422,17.538145065307617,18.004037857055664,6514.6083984375,40.97431564331055,31.0,,,,,,,,,,,,,
12399,,29.31543731689453,19.873464584350586,18.014474868774414,6349.740234375,59.98932647705078,32.0,,,,,,,,,,,,,
12449,,25.872512817382812,18.878568649291992,15.245804786682129,6296.7568359375,29.555530548095703,32.0,,,,,,,,,,,,,
12499,,28.925762176513672,21.41583251953125,17.64181137084961,6241.4345703125,70.58174896240234,32.0,,,,,,,,,,,,,
12549,,28.894222259521484,18.439529418945312,20.915420532226562,6189.8740234375,62.11165237426758,32.0,,,,,,,,,,,,,
12599,,25.734846115112305,16.077739715576172,13.209732055664062,6141.806640625,50.57561492919922,32.0,,,,,,,,,,,,,
12649,,24.899234771728516,18.149803161621094,18.044719696044922,6311.92724609375,64.2665786743164,32.0,,,,,,,,,,,,,
12699,,25.686931610107422,20.652935028076172,21.126041412353516,6152.55029296875,59.483978271484375,32.0,,,,,,,,,,,,,
12749,,24.778644561767578,18.39838409423828,19.62936019897461,6197.05078125,76.01023864746094,33.0,,,,,,,,,,,,,
12799,,24.146718978881836,18.632904052734375,12.371416091918945,6111.58251953125,76.89874267578125,33.0,,,,,,,,,,,,,
12849,,26.783605575561523,18.98096466064453,19.894441604614258,6129.2041015625,67.66532135009766,33.0,,,,,,,,,,,,,
12899,,27.454753875732422,18.134366989135742,21.51296615600586,6136.099609375,68.2374267578125,33.0,,,,,,,,,,,,,
12949,,27.246295928955078,17.886873245239258,16.261632919311523,6233.30078125,38.82809829711914,33.0,,,,,,,,,,,,,
12999,,27.593233108520508,19.381290435791016,22.528114318847656,6017.63671875,33.75137710571289,33.0,,,,,,,,,,,,,
13049,,29.819902420043945,16.780105590820312,18.93742561340332,5986.2314453125,124.7710189819336,33.0,,,,,,,,,,,,,
13099,,24.335012435913086,20.688919067382812,25.268524169921875,6126.1044921875,72.01931762695312,33.0,,,,,,,,,,,,,
13149,,26.472700119018555,19.98126983642578,19.516845703125,6056.5673828125,21.478878021240234,34.0,,,,,,,,,,,,,
13199,,26.671215057373047,22.28289794921875,22.925006866455078,6081.234375,30.921443939208984,34.0,,,,,,,,,,,,,
13249,,27.991178512573242,18.611736297607422,19.441627502441406,6111.23876953125,39.61962890625,34.0,,,,,,,,,,,,,
13299,,25.103469848632812,17.669607162475586,18.28461456298828,6255.2880859375,77.4224624633789,34.0,,,,,,,,,,,,,
13349,,24.023113250732422,21.41762924194336,20.30966567993164,6107.84228515625,127.13333129882812,34.0,,,,,,,,,,,,,
13399,,25.295936584472656,17.82396697998047,16.463783264160156,6191.833984375,76.8333740234375,34.0,,,,,,,,,,,,,
13449,,27.867427825927734,17.94512939453125,14.526105880737305,6194.326171875,17.677566528320312,34.0,,,,,,,,,,,,,
13499,,27.621034622192383,20.282073974609375,19.15835952758789,5899.7373046875,57.40742874145508,34.0,,,,,,,,,,,,,
13549,,26.024761199951172,18.276596069335938,21.068401336669922,6006.26025390625,37.56693649291992,35.0,,,,,,,,,,,,,
13599,,27.950519561767578,18.143177032470703,18.40022850036621,5915.845703125,42.54072189331055,35.0,,,,,,,,,,,,,
13649,,27.05658531188965,19.025699615478516,19.93622589111328,5875.7177734375,33.577613830566406,35.0,,,,,,,,,,,,,
13699,,25.84234619140625,20.313682556152344,16.696426391601562,6158.5751953125,36.22603988647461,35.0,,,,,,,,,,,,,
13749,,24.779430389404297,19.708847045898438,21.414852142333984,5865.904296875,55.191246032714844,35.0,,,,,,,,,,,,,
13799,,28.25375747680664,17.429685592651367,15.350472450256348,5969.29296875,53.94636154174805,35.0,,,,,,,,,,,,,
13849,,28.323427200317383,16.97842025756836,17.40604019165039,5973.37646484375,27.348787307739258,35.0,,,,,,,,,,,,,
13899,,26.939762115478516,19.892990112304688,19.296844482421875,5896.5888671875,23.326976776123047,36.0,,,,,,,,,,,,,
13949,,27.735187530517578,16.8985595703125,15.332547187805176,6028.8544921875,38.20685958862305,36.0,,,,,,,,,,,,,
13999,,27.304061889648438,22.69371223449707,22.20791244506836,5950.63134765625,25.952701568603516,36.0,,,,,,,,,,,,,
14049,,26.7574462890625,16.895668029785156,16.629880905151367,5883.3642578125,44.26174545288086,36.0,,,,,,,,,,,,,
14099,,26.821321487426758,20.426225662231445,17.43135643005371,5911.3837890625,56.00970458984375,36.0,,,,,,,,,,,,,
14149,,28.56928253173828,18.089691162109375,14.7396821975708,5842.244140625,34.14311218261719,36.0,,,,,,,,,,,,,
14199,,26.089778900146484,15.540582656860352,17.37710189819336,6021.02734375,79.22917175292969,36.0,,,,,,,,,,,,,
14249,,31.531902313232422,20.127639770507812,20.177762985229492,5691.1572265625,112.93311309814453,36.0,,,,,,,,,,,,,
14299,,29.03451156616211,18.6308536529541,20.907001495361328,5944.21337890625,76.94966888427734,37.0,,,,,,,,,,,,,
14349,,25.91961669921875,18.930389404296875,19.840557098388672,5858.43701171875,38.65332794189453,37.0,,,,,,,,,,,,,
14399,,24.92965316772461,17.617488861083984,19.271495819091797,5957.2685546875,92.12557220458984,37.0,,,,,,,,,,,,,
14449,,26.93392562866211,21.17769432067871,20.441911697387695,5727.72265625,31.80772590637207,37.0,,,,,,,,,,,,,
14499,,26.127296447753906,20.537471771240234,17.547863006591797,5797.7587890625,25.950477600097656,37.0,,,,,,,,,,,,,
14549,,25.479663848876953,19.810016632080078,19.538759231567383,5668.2646484375,42.69788360595703,37.0,,,,,,,,,,,,,
14599,,29.009689331054688,16.438575744628906,15.363222122192383,5818.4951171875,35.7668571472168,37.0,,,,,,,,,,,,,
14649,,29.05925750732422,18.43990707397461,17.137821197509766,5732.0517578125,36.60706329345703,37.0,,,,,,,,,,,,,
14699,,29.90965461730957,17.043811798095703,17.760055541992188,5629.369140625,112.5194320678711,38.0,,,,,,,,,,,,,
14749,,24.23992156982422,19.48625946044922,19.900876998901367,5568.9931640625,70.10618591308594,38.0,,,,,,,,,,,,,
14799,,27.498008728027344,19.867290496826172,19.227087020874023,5734.12060546875,44.82944107055664,38.0,,,,,,,,,,,,,
14849,,27.808307647705078,15.770906448364258,14.32860279083252,5571.23388671875,24.93983268737793,38.0,,,,,,,,,,,,,
14899,,30.34512710571289,19.376941680908203,17.34681510925293,5675.20849609375,59.098731994628906,38.0,,,,,,,,,,,,,
14949,,25.693906784057617,19.49372100830078,16.292797088623047,5711.9873046875,75.14640045166016,38.0,,,,,,,,,,,,,
14999,,25.646636962890625,18.274066925048828,15.23343563079834,5740.6767578125,59.0252571105957,38.0,,,,,,,,,,,,,
15049,,25.69548797607422,17.74032974243164,14.611645698547363,5739.9765625,63.773983001708984,38.0,,,,,,,,,,,,,
15099,,27.197423934936523,16.866411209106445,17.23545265197754,5656.49609375,21.297836303710938,39.0,,,,,,,,,,,,,
15149,,27.526905059814453,22.057228088378906,23.32338523864746,5761.2060546875,55.737449645996094,39.0,,,,,,,,,,,,,
15199,,25.832239151000977,17.65300941467285,15.176761627197266,5701.8857421875,29.954071044921875,39.0,,,,,,,,,,,,,
15249,,26.597049713134766,16.028493881225586,16.2769775390625,5640.11181640625,47.015380859375,39.0,,,,,,,,,,,,,
15299,,29.077396392822266,19.636369705200195,17.698219299316406,5608.19970703125,109.92219543457031,39.0,,,,,,,,,,,,,
15349,,25.935514450073242,19.330795288085938,18.334552764892578,5811.33935546875,32.22636795043945,39.0,,,,,,,,,,,,,
15399,,25.74817657470703,17.34512710571289,17.362201690673828,5518.99560546875,29.625991821289062,39.0,,,,,,,,,,,,,
15449,,26.855716705322266,18.859874725341797,18.620948791503906,5377.623046875,19.74581527709961,40.0,,,,,,,,,,,,,
15499,,26.702091217041016,21.790504455566406,21.776123046875,5554.609375,41.911537170410156,40.0,,,,,,,,,,,,,
15549,,26.482704162597656,19.556304931640625,16.612590789794922,5429.046875,15.94705581665039,40.0,,,,,,,,,,,,,
15599,,26.50102424621582,18.984304428100586,16.176761627197266,5467.068359375,29.94795036315918,40.0,,,,,,,,,,,,,
15649,,29.02692413330078,21.43998908996582,19.86617660522461,5412.57421875,74.3594970703125,40.0,,,,,,,,,,,,,
15699,,26.77286148071289,19.32229232788086,21.954057693481445,5663.74658203125,43.76675796508789,40.0,,,,,,,,,,,,,
15749,,26.73894691467285,20.75046730041504,16.094362258911133,5580.82275390625,35.8856201171875,40.0,,,,,,,,,,,,,
15799,,28.75180435180664,18.20171356201172,18.596721649169922,5542.2197265625,56.76588821411133,40.0,,,,,,,,,,,,,
15849,,28.999385833740234,14.870870590209961,13.063703536987305,5537.9228515625,53.237274169921875,41.0,,,,,,,,,,,,,
15899,,24.58848762512207,18.140411376953125,18.336681365966797,5567.4873046875,85.48519897460938,41.0,,,,,,,,,,,,,
15949,,26.329296112060547,15.797150611877441,14.416168212890625,5452.07177734375,53.054656982421875,41.0,,,,,,,,,,,,,
15999,,28.312536239624023,18.709056854248047,17.807863235473633,5362.07470703125,37.9144287109375,41.0,,,,,,,,,,,,,
16049,,28.36819839477539,19.519790649414062,15.831741333007812,5417.7626953125,54.16616439819336,41.0,,,,,,,,,,,,,
16099,,27.177379608154297,21.28148651123047,21.590206146240234,5549.73681640625,60.07011795043945,41.0,,,,,,,,,,,,,
16149,,25.974966049194336,17.399330139160156,16.756847381591797,5551.337890625,25.57864761352539,41.0,,,,,,,,,,,,,
16199,,25.378568649291992,18.005413055419922,18.994613647460938,5438.1181640625,40.53643035888672,41.0,,,,,,,,,,,,,
16249,,25.656784057617188,17.871374130249023,18.6376953125,5462.4912109375,49.07228469848633,42.0,,,,,,,,,,,,,
16299,,29.210617065429688,15.72325611114502,14.45096206665039,5409.109375,63.760459899902344,42.0,,,,,,,,,,,,,
16349,,27.938800811767578,15.185699462890625,14.658220291137695,5475.6640625,19.515649795532227,42.0,,,,,,,,,,,,,
16399,,27.198328018188477,17.61193084716797,15.70330810546875,5486.23046875,17.318222045898438,42.0,,,,,,,,,,,,,
16449,,27.78240966796875,18.415138244628906,18.026264190673828,5463.453125,37.654483795166016,42.0,,,,,,,,,,,,,
16499,,27.886219024658203,17.809345245361328,17.271404266357422,5331.7119140625,30.525775909423828,42.0,,,,,,,,,,,,,
16549,,27.617048263549805,18.3072509765625,18.09357261657715,5513.2099609375,17.122697830200195,42.0,,,,,,,,,,,,,
16599,,26.09375,14.749732971191406,14.168628692626953,5343.2763671875,45.42060470581055,43.0,,,,,,,,,,,,,
16649,,26.619728088378906,21.404531478881836,24.363012313842773,5411.1943359375,30.93968391418457,43.0,,,,,,,,,,,,,
16699,,28.230260848999023,21.6141357421875,23.963945388793945,5400.70703125,46.28096389770508,43.0,,,,,,,,,,,,,
16749,,27.829612731933594,14.048184394836426,14.01469612121582,5325.75390625,30.610734939575195,43.0,,,,,,,,,,,,,
16799,,27.21151351928711,16.801435470581055,14.638006210327148,5391.0419921875,31.204469680786133,43.0,,,,,,,,,,,,,
16849,,24.534631729125977,20.42579460144043,19.790603637695312,5442.97021484375,41.27058410644531,43.0,,,,,,,,,,,,,
16899,,29.3547420501709,19.644058227539062,17.130367279052734,5408.47314453125,47.36878204345703,43.0,,,,,,,,,,,,,
16949,,28.883758544921875,22.499467849731445,21.017772674560547,5492.5478515625,76.98681640625,43.0,,,,,,,,,,,,,
16999,,25.78173828125,19.639610290527344,20.78599739074707,5212.9228515625,32.60089111328125,44.0,,,,,,,,,,,,,
17049,,28.624305725097656,19.815635681152344,17.536970138549805,5264.6298828125,18.89154052734375,44.0,,,,,,,,,,,,,
17099,,27.326202392578125,23.400238037109375,21.01630973815918,5345.34130859375,45.37052536010742,44.0,,,,,,,,,,,,,
17149,,25.963531494140625,23.714160919189453,19.33193588256836,5277.31787109375,24.94247055053711,44.0,,,,,,,,,,,,,
17199,,25.66619873046875,18.92632293701172,20.5703125,5390.0498046875,37.97946548461914,44.0,,,,,,,,,,,,,
17249,,29.01089859008789,19.079347610473633,17.011455535888672,5189.2392578125,83.18043518066406,44.0,,,,,,,,,,,,,
17299,,26.192378997802734,17.299644470214844,11.085758209228516,5439.87939453125,49.40059280395508,44.0,,,,,,,,,,,,,
17349,,28.68052101135254,17.518753051757812,17.443492889404297,5316.57568359375,29.980253219604492,44.0,,,,,,,,,,,,,
17399,,27.06078338623047,20.63445281982422,23.467641830444336,5320.181640625,25.31460952758789,45.0,,,,,,,,,,,,,
17449,,28.75624656677246,17.843666076660156,17.15399932861328,5167.9990234375,89.49647521972656,45.0,,,,,,,,,,,,,
17499,,28.364145278930664,19.15620231628418,17.824058532714844,5306.263671875,58.876277923583984,45.0,,,,,,,,,,,,,
17549,,26.691144943237305,18.513980865478516,19.32040023803711,5359.0947265625,55.6431999206543,45.0,,,,,,,,,,,,,
17599,,27.390085220336914,19.08298110961914,18.900959014892578,5309.7880859375,31.533912658691406,45.0,,,,,,,,,,,,,
17649,,26.627155303955078,19.441200256347656,17.954151153564453,5355.59619140625,59.9459342956543,45.0,,,,,,,,,,,,,
17699,,24.73200798034668,22.955459594726562,20.003591537475586,5226.31201171875,93.96583557128906,45.0,,,,,,,,,,,,,
17749,,25.80457878112793,16.191152572631836,15.607410430908203,5206.55126953125,72.12921142578125,45.0,,,,,,,,,,,,,
17799,,25.042224884033203,16.005844116210938,12.94570541381836,5338.5361328125,105.61506652832031,46.0,,,,,,,,,,,,,
17849,,26.748106002807617,15.213882446289062,14.615850448608398,5105.8603515625,42.3234748840332,46.0,,,,,,,,,,,,,
17899,,26.711875915527344,20.540103912353516,19.20355224609375,5186.4638671875,32.40715026855469,46.0,,,,,,,,,,,,,
17949,,27.966773986816406,15.400799751281738,16.49976348876953,5100.40673828125,29.599103927612305,46.0,,,,,,,,,,,,,
17999,,28.168119430541992,19.954051971435547,18.772216796875,5178.765625,90.59571838378906,46.0,,,,,,,,,,,,,
18049,,28.67928123474121,15.591558456420898,12.211634635925293,5176.5205078125,52.27994155883789,46.0,,,,,,,,,,,,,
18099,,27.18585968017578,18.401994705200195,18.261436462402344,5031.58447265625,21.848834991455078,46.0,,,,,,,,,,,,,
18149,,25.393295288085938,17.854469299316406,16.648113250732422,5286.365234375,43.04647445678711,47.0,,,,,,,,,,,,,
18199,,24.477678298950195,18.307174682617188,21.753684997558594,5165.2607421875,94.33474731445312,47.0,,,,,,,,,,,,,
18249,,28.30536651611328,15.069055557250977,14.293447494506836,5086.6591796875,75.42259216308594,47.0,,,,,,,,,,,,,
18299,,27.035919189453125,18.90233039855957,16.24365997314453,5107.7861328125,33.77347183227539,47.0,,,,,,,,,,,,,
18349,,24.944963455200195,19.298221588134766,14.112244606018066,5065.4755859375,65.52273559570312,47.0,,,,,,,,,,,,,
18399,,30.566791534423828,15.776619911193848,19.814315795898438,5063.0419921875,56.169761657714844,47.0,,,,,,,,,,,,,
18449,,24.778100967407227,22.671123504638672,18.11011505126953,5084.650390625,62.35349655151367,47.0,,,,,,,,,,,,,
18499,,29.223041534423828,17.369308471679688,20.681598663330078,5120.017578125,87.74152374267578,47.0,,,,,,,,,,,,,
18549,,25.46768569946289,17.593509674072266,18.35900115966797,5087.79296875,95.5101547241211,48.0,,,,,,,,,,,,,
18599,,29.506847381591797,18.950904846191406,19.885196685791016,5015.2919921875,59.98536682128906,48.0,,,,,,,,,,,,,
18649,,29.97789192199707,17.794391632080078,19.73291778564453,5054.7373046875,105.63042449951172,48.0,,,,,,,,,,,,,
18699,,27.355419158935547,23.91116714477539,25.689109802246094,5020.50390625,32.475730895996094,48.0,,,,,,,,,,,,,
18749,,29.080570220947266,18.228992462158203,17.144702911376953,4943.00390625,70.87940979003906,48.0,,,,,,,,,,,,,
18799,,25.606395721435547,18.07709503173828,18.355974197387695,4926.328125,18.697614669799805,48.0,,,,,,,,,,,,,
18849,,27.127845764160156,18.1221866607666,14.923643112182617,5093.2119140625,29.571203231811523,48.0,,,,,,,,,,,,,
18899,,29.058040618896484,20.782821655273438,17.951698303222656,4998.359375,34.35438537597656,48.0,,,,,,,,,,,,,
18949,,26.680387496948242,19.208717346191406,17.632625579833984,5130.88232421875,30.620960235595703,49.0,,,,,,,,,,,,,
18999,,24.2554931640625,18.18048858642578,16.120920181274414,5206.2197265625,82.55363464355469,49.0,,,,,,,,,,,,,
19049,,29.118507385253906,20.399425506591797,21.519081115722656,5131.15234375,33.32115936279297,49.0,,,,,,,,,,,,,
19099,,28.735076904296875,22.408164978027344,21.535539627075195,5157.0419921875,68.47666931152344,49.0,,,,,,,,,,,,,
19149,,27.980546951293945,18.94839096069336,18.599634170532227,5191.765625,51.032318115234375,49.0,,,,,,,,,,,,,
19199,,25.004486083984375,18.09267807006836,12.985174179077148,5037.76806640625,74.63429260253906,49.0,,,,,,,,,,,,,
19249,,29.848735809326172,15.814349174499512,15.078359603881836,4964.52685546875,56.78514099121094,49.0,,,,,,,,,,,,,
19349,,30.15578842163086,19.295665740966797,17.602821350097656,5064.09033203125,64.03624725341797,50.0,,,,,,,,,,,,,
19399,,27.92977523803711,15.73292350769043,13.555753707885742,4939.9716796875,60.86302185058594,50.0,,,,,,,,,,,,,
19449,,26.021053314208984,16.51042938232422,19.859188079833984,4989.779296875,36.53567123413086,50.0,,,,,,,,,,,,,
19499,,28.15673065185547,21.08658790588379,19.11746597290039,4947.47509765625,46.97598648071289,50.0,,,,,,,,,,,,,
19549,,24.66970443725586,18.543251037597656,13.802921295166016,4999.01513671875,91.00242614746094,50.0,,,,,,,,,,,,,
19599,,26.943687438964844,17.89712905883789,17.80799102783203,4942.56494140625,17.747800827026367,50.0,,,,,,,,,,,,,
19649,,26.813657760620117,20.48965835571289,17.085025787353516,4863.7509765625,21.072208404541016,50.0,,,,,,,,,,,,,
19699,,25.836458206176758,21.20006561279297,23.229087829589844,5012.8603515625,44.65657424926758,51.0,,,,,,,,,,,,,
19749,,28.728958129882812,18.07096290588379,20.735137939453125,4812.2060546875,27.73794937133789,51.0,,,,,,,,,,,,,
19799,,27.390113830566406,17.948970794677734,15.062467575073242,4909.9501953125,70.51718139648438,51.0,,,,,,,,,,,,,
19849,,26.05711555480957,17.305030822753906,14.969213485717773,5095.6298828125,71.5018081665039,51.0,,,,,,,,,,,,,
19899,,27.003299713134766,18.185842514038086,17.897741317749023,5034.09912109375,21.98589515686035,51.0,,,,,,,,,,,,,
19949,,27.481136322021484,15.988966941833496,13.397308349609375,4953.96826171875,26.587997436523438,51.0,,,,,,,,,,,,,
19999,,25.560169219970703,18.213523864746094,17.079490661621094,4985.38232421875,78.3610610961914,51.0,,,,,,,,,,,,,
20049,,25.31638526916504,19.958358764648438,19.434324264526367,5121.74609375,47.19979476928711,51.0,,,,,,,,,,,,,
20099,,27.17818832397461,16.522945404052734,18.530967712402344,4855.033203125,19.262521743774414,52.0,,,,,,,,,,,,,
20149,,26.86774444580078,23.45322036743164,22.830703735351562,4823.1767578125,22.488683700561523,52.0,,,,,,,,,,,,,
20199,,25.008777618408203,16.43328857421875,14.99319839477539,4926.9453125,76.36797332763672,52.0,,,,,,,,,,,,,
20249,,30.187313079833984,19.392627716064453,16.559097290039062,4939.1533203125,116.0548095703125,52.0,,,,,,,,,,,,,
20299,,27.741992950439453,17.90005874633789,18.597545623779297,4865.9716796875,68.7316665649414,52.0,,,,,,,,,,,,,
20349,,25.380840301513672,20.080699920654297,23.38856315612793,4859.8916015625,107.31849670410156,52.0,,,,,,,,,,,,,
20399,,30.236103057861328,17.30701446533203,16.327800750732422,4842.12451171875,99.42555236816406,52.0,,,,,,,,,,,,,
20449,,29.246822357177734,19.39885902404785,15.864585876464844,4951.07763671875,31.773090362548828,52.0,,,,,,,,,,,,,
20499,,25.94029426574707,14.454401016235352,11.6989164352417,4873.1630859375,28.663572311401367,53.0,,,,,,,,,,,,,
20549,,27.556699752807617,18.121322631835938,20.59732437133789,4890.9619140625,48.77646255493164,53.0,,,,,,,,,,,,,
20599,,24.742511749267578,17.999061584472656,16.727218627929688,4795.384765625,55.806312561035156,53.0,,,,,,,,,,,,,
20649,,26.626916885375977,19.14801025390625,20.422908782958984,4895.1328125,64.18753051757812,53.0,,,,,,,,,,,,,
20699,,27.740066528320312,16.010284423828125,14.463558197021484,4870.2783203125,30.10596466064453,53.0,,,,,,,,,,,,,
20749,,25.94139862060547,16.075210571289062,13.191728591918945,4795.03515625,19.199281692504883,53.0,,,,,,,,,,,,,
20799,,25.850589752197266,19.379880905151367,23.947093963623047,4742.87548828125,50.28972625732422,53.0,,,,,,,,,,,,,
20849,,27.595745086669922,17.982616424560547,15.083362579345703,4836.1416015625,14.95790958404541,54.0,,,,,,,,,,,,,
20899,,27.092304229736328,18.670724868774414,17.33702850341797,4807.916015625,21.787717819213867,54.0,,,,,,,,,,,,,
20949,,27.126155853271484,17.270421981811523,12.135631561279297,4818.23974609375,30.804214477539062,54.0,,,,,,,,,,,,,
20999,,28.19329071044922,15.575424194335938,14.095376968383789,5014.7587890625,46.016441345214844,54.0,,,,,,,,,,,,,
21049,,27.698495864868164,20.28410530090332,24.28130340576172,4840.162109375,56.82237243652344,54.0,,,,,,,,,,,,,
21099,,27.3606014251709,16.055465698242188,11.537590026855469,4969.08984375,35.407108306884766,54.0,,,,,,,,,,,,,
21149,,28.226268768310547,17.691448211669922,17.92104721069336,4729.27783203125,69.50853729248047,54.0,,,,,,,,,,,,,
21199,,25.535099029541016,18.41012954711914,18.009145736694336,4822.7958984375,78.28738403320312,54.0,,,,,,,,,,,,,
21249,,28.220367431640625,18.71524429321289,18.205795288085938,4780.8349609375,61.82935333251953,55.0,,,,,,,,,,,,,
21299,,24.975736618041992,17.986770629882812,17.808731079101562,4881.43115234375,48.702457427978516,55.0,,,,,,,,,,,,,
21349,,26.40229034423828,17.61878204345703,14.809165000915527,4816.474609375,25.344850540161133,55.0,,,,,,,,,,,,,
21399,,28.13755226135254,18.394386291503906,19.62274932861328,4904.69677734375,60.99652862548828,55.0,,,,,,,,,,,,,
21449,,29.9907283782959,17.363832473754883,13.489795684814453,4755.294921875,71.40991973876953,55.0,,,,,,,,,,,,,
21499,,24.31691551208496,17.857715606689453,21.585588455200195,4775.3125,105.49032592773438,55.0,,,,,,,,,,,,,
21549,,25.304737091064453,19.134485244750977,18.87702178955078,5002.369140625,71.52694702148438,55.0,,,,,,,,,,,,,
21599,,25.411174774169922,19.524255752563477,15.947724342346191,4778.60302734375,53.67800521850586,55.0,,,,,,,,,,,,,
21649,,27.059032440185547,19.83890151977539,16.249919891357422,4698.1826171875,36.15838623046875,56.0,,,,,,,,,,,,,
21699,,26.31386947631836,16.467731475830078,12.183685302734375,4759.96630859375,31.047983169555664,56.0,,,,,,,,,,,,,
21749,,28.52658462524414,15.358444213867188,14.07038688659668,4730.51123046875,75.0855484008789,56.0,,,,,,,,,,,,,
21799,,25.615554809570312,19.021255493164062,18.423648834228516,4798.4248046875,42.0828857421875,56.0,,,,,,,,,,,,,
21849,,25.716232299804688,15.961710929870605,15.172948837280273,4738.9296875,74.54447174072266,56.0,,,,,,,,,,,,,
21899,,27.107284545898438,20.21794319152832,15.39248275756836,4801.7265625,42.52406692504883,56.0,,,,,,,,,,,,,
21949,,26.44114112854004,13.726391792297363,15.499217987060547,4789.5029296875,102.44389343261719,56.0,,,,,,,,,,,,,
21999,,27.33310317993164,15.974918365478516,17.938568115234375,4696.4375,26.748750686645508,56.0,,,,,,,,,,,,,
22049,,27.622608184814453,17.33397674560547,14.696603775024414,4688.7490234375,25.35753631591797,57.0,,,,,,,,,,,,,
22099,,28.262924194335938,17.671276092529297,17.197898864746094,4748.69921875,73.04776000976562,57.0,,,,,,,,,,,,,
22149,,27.866607666015625,20.584239959716797,15.785629272460938,4686.38525390625,22.276153564453125,57.0,,,,,,,,,,,,,
22199,,27.341814041137695,23.719070434570312,18.43170928955078,4644.443359375,24.548181533813477,57.0,,,,,,,,,,,,,
22249,,23.968875885009766,18.17620086669922,19.388660430908203,4818.236328125,98.72114562988281,57.0,,,,,,,,,,,,,
22299,,26.063222885131836,24.579683303833008,19.367469787597656,4580.55712890625,45.85976028442383,57.0,,,,,,,,,,,,,
22349,,28.968704223632812,18.1394100189209,16.665813446044922,4570.39599609375,56.81270217895508,57.0,,,,,,,,,,,,,
22399,,27.022281646728516,16.09921646118164,18.565292358398438,4731.1865234375,49.031558990478516,58.0,,,,,,,,,,,,,
22449,,23.430927276611328,18.162376403808594,22.891983032226562,4625.90625,142.6681365966797,58.0,,,,,,,,,,,,,
22499,,28.76256561279297,18.770639419555664,21.928735733032227,4620.494140625,112.40943908691406,58.0,,,,,,,,,,,,,
22549,,26.566307067871094,18.9658203125,14.011825561523438,4652.9794921875,30.881420135498047,58.0,,,,,,,,,,,,,
22599,,30.70220947265625,17.238922119140625,18.323448181152344,4581.7744140625,132.73106384277344,58.0,,,,,,,,,,,,,
22649,,23.324573516845703,22.32583999633789,23.318845748901367,4765.22119140625,143.73521423339844,58.0,,,,,,,,,,,,,
22699,,28.079132080078125,21.635181427001953,21.10379981994629,4570.6416015625,26.97730827331543,58.0,,,,,,,,,,,,,
22749,,25.80376434326172,16.830951690673828,12.69118881225586,4580.27880859375,30.845748901367188,58.0,,,,,,,,,,,,,
22799,,24.17540168762207,16.697608947753906,14.874748229980469,4615.5654296875,96.82431030273438,59.0,,,,,,,,,,,,,
22849,,28.85062599182129,18.578184127807617,16.70258331298828,4685.14306640625,69.65833282470703,59.0,,,,,,,,,,,,,
22899,,26.181537628173828,19.3707332611084,15.873383522033691,4651.02880859375,36.6132926940918,59.0,,,,,,,,,,,,,
22949,,26.19808006286621,17.350858688354492,11.529131889343262,4680.77587890625,37.35787582397461,59.0,,,,,,,,,,,,,
22999,,26.235570907592773,21.80652618408203,22.500179290771484,4574.56787109375,40.857181549072266,59.0,,,,,,,,,,,,,
23049,,28.97838592529297,17.548423767089844,22.385831832885742,4519.3359375,49.137516021728516,59.0,,,,,,,,,,,,,
23099,,29.81440544128418,18.66935920715332,16.52804183959961,4623.12890625,67.38899230957031,59.0,,,,,,,,,,,,,
23149,,23.428630828857422,20.317916870117188,24.273784637451172,4538.390625,137.74310302734375,59.0,,,,,,,,,,,,,
23199,,26.298877716064453,17.397489547729492,16.531187057495117,4621.18017578125,29.26080894470215,60.0,,,,,,,,,,,,,
23249,,28.358314514160156,18.173192977905273,16.109010696411133,4602.4326171875,51.258689880371094,60.0,,,,,,,,,,,,,
23299,,26.36408042907715,16.182052612304688,17.04470443725586,4591.541015625,70.57647705078125,60.0,,,,,,,,,,,,,
23349,,28.437665939331055,21.820293426513672,21.71312713623047,4568.05419921875,108.45429229736328,60.0,,,,,,,,,,,,,
23399,,27.536319732666016,19.662466049194336,16.703548431396484,4488.84423828125,36.45335006713867,60.0,,,,,,,,,,,,,
23449,,28.600425720214844,18.698688507080078,16.339550018310547,4527.38525390625,42.708229064941406,60.0,,,,,,,,,,,,,
23499,,27.487499237060547,19.02688980102539,18.243383407592773,4501.77099609375,23.245771408081055,60.0,,,,,,,,,,,,,
23549,,27.85443115234375,15.118805885314941,15.918227195739746,4501.3388671875,56.46238327026367,61.0,,,,,,,,,,,,,
23599,,27.66578483581543,19.199169158935547,13.969527244567871,4603.83837890625,17.875436782836914,61.0,,,,,,,,,,,,,
23649,,26.451702117919922,17.220951080322266,16.092792510986328,4543.33447265625,28.748584747314453,61.0,,,,,,,,,,,,,
23699,,29.249591827392578,17.141639709472656,17.555477142333984,4593.57861328125,103.83794403076172,61.0,,,,,,,,,,,,,
23749,,29.25912857055664,16.053022384643555,21.457901000976562,4498.40234375,85.59126281738281,61.0,,,,,,,,,,,,,
23799,,27.283672332763672,19.214027404785156,18.30063819885254,4573.4169921875,25.19211196899414,61.0,,,,,,,,,,,,,
23849,,28.399951934814453,23.36650276184082,21.75162696838379,4510.4443359375,29.574865341186523,61.0,,,,,,,,,,,,,
23899,,27.99144744873047,17.884807586669922,16.621902465820312,4645.5576171875,76.71054077148438,61.0,,,,,,,,,,,,,
23949,,27.527923583984375,16.704729080200195,14.829367637634277,4582.0166015625,19.26087188720703,62.0,,,,,,,,,,,,,
23999,,27.504741668701172,17.110897064208984,18.689369201660156,4503.6845703125,27.10552978515625,62.0,,,,,,,,,,,,,
24049,,27.332576751708984,16.648788452148438,17.44109344482422,4542.357421875,35.88201141357422,62.0,,,,,,,,,,,,,
24099,,28.04519271850586,18.947492599487305,19.019603729248047,4517.69482421875,91.31594848632812,62.0,,,,,,,,,,,,,
24149,,25.090967178344727,17.92155647277832,16.798667907714844,4574.3974609375,72.76686096191406,62.0,,,,,,,,,,,,,
24199,,24.68707275390625,19.881698608398438,16.748449325561523,4550.5771484375,105.60066986083984,62.0,,,,,,,,,,,,,
24249,,25.263643264770508,14.006845474243164,14.506912231445312,4459.1591796875,53.577247619628906,62.0,,,,,,,,,,,,,
24299,,25.29936981201172,20.564130783081055,20.648319244384766,4430.490234375,73.15766906738281,62.0,,,,,,,,,,,,,
24349,,27.293766021728516,20.582683563232422,16.552547454833984,4366.4736328125,25.88883399963379,63.0,,,,,,,,,,,,,
24399,,29.045724868774414,20.016918182373047,21.297130584716797,4384.9150390625,47.93205261230469,63.0,,,,,,,,,,,,,
24449,,27.907312393188477,18.723957061767578,14.126099586486816,4461.32421875,83.6512222290039,63.0,,,,,,,,,,,,,
24499,,26.868907928466797,20.465906143188477,18.14483070373535,4383.625,64.83482360839844,63.0,,,,,,,,,,,,,
24549,,26.166030883789062,17.518587112426758,21.041370391845703,4448.99169921875,76.4141616821289,63.0,,,,,,,,,,,,,
24599,,29.252439498901367,18.507862091064453,19.56357765197754,4400.955078125,101.01162719726562,63.0,,,,,,,,,,,,,
24649,,29.975854873657227,20.862140655517578,23.288009643554688,4521.9267578125,64.0844497680664,63.0,,,,,,,,,,,,,
24699,,25.247509002685547,16.307388305664062,16.87172508239746,4287.8466796875,84.74031066894531,63.0,,,,,,,,,,,,,
24749,,27.7914981842041,17.901355743408203,16.252593994140625,4508.84423828125,28.03009033203125,64.0,,,,,,,,,,,,,
24799,,29.22280502319336,18.982322692871094,18.0233154296875,4409.3740234375,80.81685638427734,64.0,,,,,,,,,,,,,
24849,,27.890213012695312,18.481929779052734,17.816986083984375,4725.2236328125,31.7341365814209,64.0,,,,,,,,,,,,,
24899,,27.18722915649414,18.83816909790039,15.997915267944336,4494.75244140625,29.685062408447266,64.0,,,,,,,,,,,,,
24949,,29.488243103027344,17.111486434936523,18.36685562133789,4313.6259765625,69.21102142333984,64.0,,,,,,,,,,,,,
24999,,29.362844467163086,13.871634483337402,14.882789611816406,4408.68994140625,34.227989196777344,64.0,,,,,,,,,,,,,
25049,,25.48440933227539,18.11362648010254,16.05340576171875,4392.716796875,30.566171646118164,64.0,,,,,,,,,,,,,
25099,,26.786544799804688,16.269676208496094,18.74730110168457,4295.3818359375,28.95882225036621,65.0,,,,,,,,,,,,,
25149,,30.090534210205078,16.258573532104492,11.846220970153809,4508.12158203125,47.531856536865234,65.0,,,,,,,,,,,,,
25199,,24.92724609375,16.904712677001953,16.685749053955078,4496.0390625,26.410144805908203,65.0,,,,,,,,,,,,,
25249,,25.292701721191406,18.290515899658203,22.951339721679688,4446.861328125,47.940738677978516,65.0,,,,,,,,,,,,,
25299,,26.07862091064453,17.534393310546875,14.291328430175781,4383.3447265625,18.325313568115234,65.0,,,,,,,,,,,,,
25349,,27.515865325927734,13.587996482849121,11.763884544372559,4324.0390625,22.418798446655273,65.0,,,,,,,,,,,,,
25399,,26.73187255859375,19.112747192382812,15.391901016235352,4373.486328125,47.311866760253906,65.0,,,,,,,,,,,,,
25449,,29.43376350402832,13.888708114624023,13.96751880645752,4395.41943359375,63.67681884765625,65.0,,,,,,,,,,,,,
25499,,26.926225662231445,15.040939331054688,14.866286277770996,4368.7236328125,53.62971878051758,66.0,,,,,,,,,,,,,
25549,,24.47003173828125,18.995140075683594,18.285057067871094,4371.0322265625,80.32642364501953,66.0,,,,,,,,,,,,,
25599,,26.793594360351562,16.515968322753906,15.8182373046875,4382.7861328125,38.736480712890625,66.0,,,,,,,,,,,,,
25649,,26.836994171142578,11.6737642288208,9.05225658416748,4610.12939453125,34.03263854980469,66.0,,,,,,,,,,,,,
25699,,23.517818450927734,16.34866714477539,14.133283615112305,4354.5126953125,106.67926025390625,66.0,,,,,,,,,,,,,
25749,,26.73686981201172,20.920654296875,18.26846694946289,4408.7275390625,19.224945068359375,66.0,,,,,,,,,,,,,
25799,,28.383148193359375,19.118022918701172,18.027286529541016,4251.6279296875,63.39426040649414,66.0,,,,,,,,,,,,,
25849,,28.429702758789062,20.909631729125977,17.918251037597656,4324.3251953125,25.062231063842773,66.0,,,,,,,,,,,,,
25899,,29.22547149658203,17.80206298828125,17.223554611206055,4313.5732421875,59.702884674072266,67.0,,,,,,,,,,,,,
25949,,27.013092041015625,15.960023880004883,18.279582977294922,4376.03955078125,54.24015808105469,67.0,,,,,,,,,,,,,
25999,,25.331817626953125,17.01876449584961,15.92025375366211,4409.033203125,57.73347854614258,67.0,,,,,,,,,,,,,
26049,,27.28582763671875,19.314769744873047,24.820022583007812,4304.384765625,40.21868133544922,67.0,,,,,,,,,,,,,
26099,,27.874309539794922,21.008230209350586,19.907695770263672,4311.560546875,29.963205337524414,67.0,,,,,,,,,,,,,
26149,,28.2812557220459,19.757930755615234,15.86866569519043,4387.1640625,35.376949310302734,67.0,,,,,,,,,,,,,
26199,,25.32036018371582,17.7994384765625,18.752559661865234,4268.07666015625,99.7161865234375,67.0,,,,,,,,,,,,,
26249,,27.2098388671875,15.826871871948242,17.730199813842773,4453.611328125,20.481550216674805,68.0,,,,,,,,,,,,,
26299,,30.29410171508789,20.332103729248047,17.028772354125977,4421.8203125,97.17514038085938,68.0,,,,,,,,,,,,,
26349,,31.154869079589844,18.35344696044922,18.90545654296875,4276.24609375,139.4252166748047,68.0,,,,,,,,,,,,,
26399,,29.136043548583984,18.154319763183594,17.15182876586914,4192.5654296875,85.43740844726562,68.0,,,,,,,,,,,,,
26449,,27.13817596435547,16.993276596069336,14.47501277923584,4122.8779296875,28.74312973022461,68.0,,,,,,,,,,,,,
26499,,26.247283935546875,17.158409118652344,23.63125228881836,4272.474609375,85.95349884033203,68.0,,,,,,,,,,,,,
26549,,30.187244415283203,11.726232528686523,12.276018142700195,4223.2958984375,77.88325500488281,68.0,,,,,,,,,,,,,
26599,,28.829269409179688,18.75363540649414,16.529926300048828,4274.66650390625,69.15326690673828,68.0,,,,,,,,,,,,,
26649,,27.6312255859375,17.959331512451172,14.063409805297852,4459.7119140625,34.97747039794922,69.0,,,,,,,,,,,,,
26699,,28.28178596496582,18.23822784423828,11.33122730255127,4291.8212890625,32.139930725097656,69.0,,,,,,,,,,,,,
26749,,28.66881561279297,18.176231384277344,15.17773723602295,4407.166015625,48.17032241821289,69.0,,,,,,,,,,,,,
26799,,28.317764282226562,15.77163314819336,13.423898696899414,4531.73291015625,24.29730224609375,69.0,,,,,,,,,,,,,
26849,,27.03177261352539,19.160932540893555,15.594380378723145,4318.32470703125,21.506629943847656,69.0,,,,,,,,,,,,,
26899,,24.785167694091797,14.891023635864258,17.1282901763916,4277.73779296875,79.02590942382812,69.0,,,,,,,,,,,,,
26949,,25.733123779296875,19.17862319946289,19.83975601196289,4499.22802734375,44.43907928466797,69.0,,,,,,,,,,,,,
26999,,25.026485443115234,20.71500015258789,19.39861297607422,4304.384765625,65.44737243652344,69.0,,,,,,,,,,,,,
27049,,27.43700408935547,20.76134490966797,20.528310775756836,4115.0078125,85.70503997802734,70.0,,,,,,,,,,,,,
27099,,26.54869842529297,18.648651123046875,22.729934692382812,4305.0107421875,49.65255355834961,70.0,,,,,,,,,,,,,
27149,,26.970911026000977,17.403528213500977,16.133548736572266,4292.654296875,30.43338394165039,70.0,,,,,,,,,,,,,
27199,,26.951820373535156,16.706462860107422,13.633689880371094,4219.2109375,36.13956069946289,70.0,,,,,,,,,,,,,
27249,,27.94328498840332,18.34524917602539,15.481206893920898,4080.90478515625,54.3531608581543,70.0,,,,,,,,,,,,,
27299,,23.636104583740234,17.56322479248047,21.65435218811035,4402.2607421875,139.0585174560547,70.0,,,,,,,,,,,,,
27349,,28.36250877380371,19.749977111816406,18.3635311126709,4155.01953125,71.77716064453125,70.0,,,,,,,,,,,,,
27399,,27.648677825927734,16.476959228515625,18.778244018554688,4159.8193359375,27.554563522338867,70.0,,,,,,,,,,,,,
27449,,29.6013240814209,17.065866470336914,14.558406829833984,4244.67626953125,43.75654220581055,71.0,,,,,,,,,,,,,
27499,,27.892810821533203,18.704607009887695,18.675390243530273,4221.62890625,85.63739776611328,71.0,,,,,,,,,,,,,
27549,,25.547786712646484,17.377704620361328,16.186878204345703,4310.88134765625,80.80964660644531,71.0,,,,,,,,,,,,,
27599,,27.143997192382812,15.764565467834473,14.003543853759766,4314.4736328125,24.189043045043945,71.0,,,,,,,,,,,,,
27649,,25.313602447509766,18.431852340698242,16.122066497802734,4163.06884765625,57.881980895996094,71.0,,,,,,,,,,,,,
27699,,28.61642074584961,16.34699249267578,15.352645874023438,4141.0693359375,54.8763542175293,71.0,,,,,,,,,,,,,
27749,,24.39653968811035,15.509614944458008,16.408729553222656,4411.275390625,108.27903747558594,71.0,,,,,,,,,,,,,
27799,,25.40103530883789,18.2161865234375,15.347613334655762,4299.50927734375,52.56818389892578,72.0,,,,,,,,,,,,,
27849,,28.56771469116211,15.039518356323242,17.784704208374023,4253.3876953125,71.7146987915039,72.0,,,,,,,,,,,,,
27899,,29.300823211669922,16.844379425048828,11.556921005249023,4218.244140625,50.587093353271484,72.0,,,,,,,,,,,,,
27949,,27.820528030395508,15.49930191040039,14.715043067932129,4061.863525390625,46.82464599609375,72.0,,,,,,,,,,,,,
27999,,27.78404998779297,19.100234985351562,16.544445037841797,4322.66552734375,33.16552734375,72.0,,,,,,,,,,,,,
28049,,26.718671798706055,17.644100189208984,17.455238342285156,4330.5830078125,68.87071228027344,72.0,,,,,,,,,,,,,
28099,,25.690214157104492,17.48273277282715,15.96984577178955,4450.33203125,59.15574264526367,72.0,,,,,,,,,,,,,
28149,,26.624679565429688,17.822032928466797,17.216693878173828,4164.03759765625,71.1468734741211,72.0,,,,,,,,,,,,,
28199,,29.77988052368164,19.13162612915039,20.20328140258789,4185.2529296875,70.2943115234375,73.0,,,,,,,,,,,,,
28249,,30.194721221923828,19.361631393432617,16.988819122314453,4210.4140625,106.36076354980469,73.0,,,,,,,,,,,,,
28299,,26.306110382080078,21.170883178710938,21.1751766204834,4208.2783203125,59.30518341064453,73.0,,,,,,,,,,,,,
28349,,28.44322967529297,14.635818481445312,16.329723358154297,4081.347412109375,40.865203857421875,73.0,,,,,,,,,,,,,
28399,,25.449874877929688,19.299320220947266,16.375045776367188,4188.8984375,42.11442565917969,73.0,,,,,,,,,,,,,
28449,,24.23210334777832,20.3787841796875,16.37611961364746,4192.49609375,90.33076477050781,73.0,,,,,,,,,,,,,
28499,,29.184341430664062,18.924564361572266,18.397659301757812,4180.4267578125,45.66163635253906,73.0,,,,,,,,,,,,,
28549,,27.107736587524414,16.72217559814453,13.028548240661621,4098.15380859375,17.199037551879883,73.0,,,,,,,,,,,,,
28599,,28.82134437561035,14.3515043258667,13.456680297851562,4171.5458984375,41.27497482299805,74.0,,,,,,,,,,,,,
28649,,24.71380043029785,19.983816146850586,19.994075775146484,4134.4501953125,107.51404571533203,74.0,,,,,,,,,,,,,
28699,,25.934486389160156,19.93667221069336,18.944534301757812,4197.642578125,70.6034164428711,74.0,,,,,,,,,,,,,
28749,,26.668184280395508,17.700950622558594,12.250864028930664,4265.9208984375,24.598251342773438,74.0,,,,,,,,,,,,,
28799,,27.663551330566406,23.42896270751953,21.911508560180664,4107.9462890625,45.302528381347656,74.0,,,,,,,,,,,,,
28849,,26.232486724853516,17.47420310974121,15.104125022888184,4242.4931640625,26.753376007080078,74.0,,,,,,,,,,,,,
28899,,26.51342010498047,17.90703010559082,14.043659210205078,4218.74609375,24.901485443115234,74.0,,,,,,,,,,,,,
28999,,28.867673873901367,18.82994842529297,17.208423614501953,4093.371826171875,46.88589096069336,75.0,,,,,,,,,,,,,
29049,,27.674049377441406,22.917612075805664,22.373058319091797,4158.1044921875,65.45954132080078,75.0,,,,,,,,,,,,,
29099,,28.730052947998047,20.219911575317383,15.479143142700195,4189.60986328125,40.569515228271484,75.0,,,,,,,,,,,,,
29149,,26.09688377380371,17.152034759521484,17.60896110534668,4113.7451171875,33.7186164855957,75.0,,,,,,,,,,,,,
29199,,30.22357940673828,21.747438430786133,20.188804626464844,4078.357666015625,64.12141418457031,75.0,,,,,,,,,,,,,
29249,,27.409610748291016,17.469314575195312,15.276220321655273,4088.41943359375,22.064382553100586,75.0,,,,,,,,,,,,,
29299,,29.505094528198242,19.618209838867188,16.711780548095703,4312.1181640625,107.49134063720703,75.0,,,,,,,,,,,,,
29349,,27.471839904785156,23.614585876464844,25.732662200927734,4190.8173828125,52.51628112792969,76.0,,,,,,,,,,,,,
29399,,24.62271499633789,17.406341552734375,15.447710037231445,4222.5947265625,70.17913818359375,76.0,,,,,,,,,,,,,
29449,,28.481491088867188,18.895854949951172,14.47236442565918,4321.3720703125,36.421504974365234,76.0,,,,,,,,,,,,,
29499,,27.375059127807617,23.66494369506836,20.483211517333984,4183.474609375,33.361236572265625,76.0,,,,,,,,,,,,,
29549,,28.788013458251953,20.651535034179688,19.298603057861328,4118.4287109375,97.916748046875,76.0,,,,,,,,,,,,,
29599,,28.249919891357422,22.056198120117188,21.321670532226562,4106.6806640625,100.50867462158203,76.0,,,,,,,,,,,,,
29649,,26.920759201049805,20.80097770690918,19.910396575927734,4112.33544921875,19.7614688873291,76.0,,,,,,,,,,,,,
29699,,28.824748992919922,18.2784481048584,16.7215633392334,4004.787109375,55.19649887084961,76.0,,,,,,,,,,,,,
29749,,27.720056533813477,12.9073486328125,11.1624755859375,4200.54345703125,32.297786712646484,77.0,,,,,,,,,,,,,
29799,,29.25051498413086,15.517485618591309,15.993090629577637,4147.22216796875,34.88559341430664,77.0,,,,,,,,,,,,,
29849,,27.451152801513672,20.603670120239258,19.865156173706055,4141.5234375,32.58647537231445,77.0,,,,,,,,,,,,,
29899,,25.687255859375,17.042844772338867,14.355464935302734,4164.78369140625,50.50575637817383,77.0,,,,,,,,,,,,,
29949,,26.92848777770996,18.34512710571289,16.076215744018555,3966.537109375,34.6347541809082,77.0,,,,,,,,,,,,,
29999,,25.38250732421875,16.800283432006836,19.075328826904297,4174.8876953125,35.418067932128906,77.0,,,,,,,,,,,,,
30049,,27.606409072875977,18.384048461914062,18.011119842529297,4094.42529296875,45.8225212097168,77.0,,,,,,,,,,,,,
30099,,28.501953125,19.5398006439209,16.680866241455078,4021.564697265625,40.511802673339844,77.0,,,,,,,,,,,,,
30149,,27.472759246826172,16.588424682617188,18.69470977783203,4266.7490234375,21.684478759765625,78.0,,,,,,,,,,,,,
30199,,27.18280029296875,22.419174194335938,24.12643051147461,4117.6484375,57.115440368652344,78.0,,,,,,,,,,,,,
30249,,24.03756332397461,19.409778594970703,19.924842834472656,4029.5078125,85.36980438232422,78.0,,,,,,,,,,,,,
30299,,23.1451473236084,16.135635375976562,18.573223114013672,4233.9921875,143.37307739257812,78.0,,,,,,,,,,,,,
30349,,27.234081268310547,18.561946868896484,16.274272918701172,4018.1103515625,37.75281524658203,78.0,,,,,,,,,,,,,
30399,,29.377910614013672,18.045875549316406,18.24757194519043,4063.2705078125,112.26642608642578,78.0,,,,,,,,,,,,,
30449,,26.85332489013672,17.43239974975586,15.79478931427002,4081.1435546875,29.829862594604492,78.0,,,,,,,,,,,,,
30499,,26.708545684814453,19.027530670166016,19.689743041992188,4104.267578125,36.11191940307617,79.0,,,,,,,,,,,,,
30549,,28.202983856201172,19.71299171447754,18.250043869018555,4023.9072265625,26.73880958557129,79.0,,,,,,,,,,,,,
30599,,27.962114334106445,18.668264389038086,21.070220947265625,4085.658935546875,40.40012741088867,79.0,,,,,,,,,,,,,
30649,,27.49237823486328,18.687397003173828,17.19753646850586,4219.916015625,34.203208923339844,79.0,,,,,,,,,,,,,
30699,,26.06648063659668,18.18214225769043,14.681171417236328,4093.600341796875,18.806350708007812,79.0,,,,,,,,,,,,,
30749,,26.913127899169922,19.4128360748291,17.698925018310547,4093.255859375,24.79051399230957,79.0,,,,,,,,,,,,,
30799,,26.302181243896484,18.834857940673828,19.499019622802734,4017.69384765625,24.29625701904297,79.0,,,,,,,,,,,,,
30849,,27.999998092651367,19.72747802734375,18.6182918548584,4073.608154296875,52.06455993652344,79.0,,,,,,,,,,,,,
30899,,27.487213134765625,15.439654350280762,13.201549530029297,3921.04345703125,22.76526641845703,80.0,,,,,,,,,,,,,
30949,,30.140810012817383,16.921403884887695,16.629735946655273,3943.38916015625,35.57855987548828,80.0,,,,,,,,,,,,,
30999,,26.45327377319336,15.427188873291016,15.500913619995117,4113.97412109375,29.38498878479004,80.0,,,,,,,,,,,,,
31049,,27.092605590820312,20.30453109741211,16.76736831665039,4111.1181640625,25.693267822265625,80.0,,,,,,,,,,,,,
31099,,27.344924926757812,18.135990142822266,20.653684616088867,4112.8603515625,35.299560546875,80.0,,,,,,,,,,,,,
31149,,27.607133865356445,19.11125373840332,14.691349983215332,4068.369140625,48.07993698120117,80.0,,,,,,,,,,,,,
31199,,27.78199005126953,17.265304565429688,18.892108917236328,3950.95751953125,29.11801528930664,80.0,,,,,,,,,,,,,
31249,,24.497421264648438,16.971878051757812,16.732101440429688,4046.35205078125,111.5132064819336,80.0,,,,,,,,,,,,,
31299,,30.467578887939453,19.843767166137695,18.011743545532227,3955.64892578125,147.6166229248047,81.0,,,,,,,,,,,,,
31349,,28.966936111450195,14.018953323364258,12.435803413391113,3971.39453125,30.384082794189453,81.0,,,,,,,,,,,,,
31399,,27.420005798339844,19.33355140686035,15.127395629882812,3974.94189453125,27.33218765258789,81.0,,,,,,,,,,,,,
31449,,27.446502685546875,19.37991714477539,15.527711868286133,4033.92626953125,25.30405044555664,81.0,,,,,,,,,,,,,
31499,,28.22041130065918,19.528470993041992,18.626590728759766,4134.3515625,31.882793426513672,81.0,,,,,,,,,,,,,
31549,,28.05199432373047,18.604629516601562,16.029983520507812,3963.31396484375,53.80885696411133,81.0,,,,,,,,,,,,,
31599,,23.082435607910156,18.522663116455078,16.06991958618164,4144.71240234375,113.97914123535156,81.0,,,,,,,,,,,,,
31649,,27.35982894897461,22.044288635253906,25.64329719543457,3764.10888671875,35.745697021484375,81.0,,,,,,,,,,,,,
31699,,28.267314910888672,19.37472915649414,17.376413345336914,4085.7998046875,64.59720611572266,82.0,,,,,,,,,,,,,
31749,,25.858808517456055,21.083948135375977,18.811351776123047,3953.5078125,65.18733978271484,82.0,,,,,,,,,,,,,
31799,,25.108684539794922,17.16122817993164,13.987195014953613,4012.98681640625,75.29862213134766,82.0,,,,,,,,,,,,,
31849,,28.01318359375,15.994287490844727,15.96208381652832,3991.2646484375,25.802927017211914,82.0,,,,,,,,,,,,,
31899,,26.497230529785156,21.234142303466797,17.033802032470703,3949.207763671875,41.563201904296875,82.0,,,,,,,,,,,,,
31949,,25.16317367553711,19.201030731201172,18.7489013671875,3971.607177734375,104.48723602294922,82.0,,,,,,,,,,,,,
31999,,28.75804901123047,15.821375846862793,16.450796127319336,4098.234375,17.96481704711914,82.0,,,,,,,,,,,,,
32049,,25.274921417236328,17.49795913696289,19.509584426879883,3862.49072265625,71.75138854980469,83.0,,,,,,,,,,,,,
32099,,22.958906173706055,19.629318237304688,19.704315185546875,4105.10791015625,125.71308898925781,83.0,,,,,,,,,,,,,
32149,,26.42043685913086,12.836933135986328,13.174540519714355,3961.31005859375,20.860843658447266,83.0,,,,,,,,,,,,,
32199,,27.728778839111328,18.385147094726562,16.251482009887695,3948.3994140625,30.647113800048828,83.0,,,,,,,,,,,,,
32249,,26.38896942138672,19.122783660888672,16.542205810546875,3901.924072265625,55.47509765625,83.0,,,,,,,,,,,,,
32299,,27.83913803100586,13.266189575195312,11.446292877197266,3871.396484375,43.86073684692383,83.0,,,,,,,,,,,,,
32349,,27.67102813720703,15.837503433227539,11.71597671508789,3995.261474609375,31.508228302001953,83.0,,,,,,,,,,,,,
32399,,28.11653709411621,19.63451385498047,20.92192268371582,3913.25732421875,63.15787887573242,83.0,,,,,,,,,,,,,
32449,,25.502870559692383,19.83835220336914,18.854185104370117,3909.917724609375,33.62257766723633,84.0,,,,,,,,,,,,,
32499,,27.526565551757812,18.40167236328125,16.77815055847168,3837.3134765625,50.52322769165039,84.0,,,,,,,,,,,,,
32549,,27.053688049316406,17.301841735839844,16.11229705810547,4032.55615234375,32.410560607910156,84.0,,,,,,,,,,,,,
32599,,26.846782684326172,23.148639678955078,27.15069580078125,3907.23291015625,36.717491149902344,84.0,,,,,,,,,,,,,
32649,,24.55034637451172,20.993988037109375,22.870420455932617,3943.39501953125,57.53318786621094,84.0,,,,,,,,,,,,,
32699,,28.372257232666016,14.384076118469238,12.548776626586914,4003.007568359375,21.31692123413086,84.0,,,,,,,,,,,,,
32749,,31.455202102661133,22.189821243286133,19.988351821899414,3987.2607421875,142.4571533203125,84.0,,,,,,,,,,,,,
32799,,28.334461212158203,18.307865142822266,14.51296615600586,3900.201171875,66.75682830810547,84.0,,,,,,,,,,,,,
32849,,27.09518051147461,19.685359954833984,17.434844970703125,3917.74658203125,33.24650192260742,85.0,,,,,,,,,,,,,
32899,,29.951553344726562,18.326786041259766,17.712852478027344,4109.13916015625,125.41201782226562,85.0,,,,,,,,,,,,,
32949,,26.714111328125,25.56206512451172,23.45467758178711,4065.17578125,43.04835891723633,85.0,,,,,,,,,,,,,
32999,,27.116580963134766,17.84569549560547,16.872173309326172,3890.60791015625,52.259490966796875,85.0,,,,,,,,,,,,,
33049,,29.404359817504883,20.171466827392578,20.641454696655273,3867.8671875,95.59041595458984,85.0,,,,,,,,,,,,,
33099,,29.321216583251953,15.927672386169434,15.009315490722656,3816.873046875,38.35319900512695,85.0,,,,,,,,,,,,,
33149,,25.601388931274414,16.846025466918945,22.63991928100586,3859.59765625,95.61048889160156,85.0,,,,,,,,,,,,,
33199,,27.64011573791504,19.644344329833984,17.88614273071289,3870.666015625,16.324613571166992,86.0,,,,,,,,,,,,,
33249,,26.52374267578125,20.59585952758789,15.838001251220703,3928.47900390625,19.527952194213867,86.0,,,,,,,,,,,,,
33299,,25.16031837463379,21.52737808227539,19.318058013916016,3761.647216796875,78.26434326171875,86.0,,,,,,,,,,,,,
33349,,28.70479965209961,16.54200553894043,11.746667861938477,3928.59814453125,23.111780166625977,86.0,,,,,,,,,,,,,
33399,,27.494251251220703,16.39763641357422,15.46591854095459,4161.611328125,35.47425079345703,86.0,,,,,,,,,,,,,
33449,,28.95933723449707,18.007431030273438,19.233247756958008,3891.106689453125,32.644657135009766,86.0,,,,,,,,,,,,,
33499,,28.156509399414062,19.622364044189453,17.521974563598633,3857.8955078125,18.049074172973633,86.0,,,,,,,,,,,,,
33549,,28.959230422973633,15.970616340637207,16.876258850097656,4121.32275390625,28.011438369750977,86.0,,,,,,,,,,,,,
33599,,26.38990020751953,14.64996337890625,15.69513988494873,4015.564697265625,37.5027961730957,87.0,,,,,,,,,,,,,
33649,,26.582901000976562,13.251785278320312,10.71436882019043,3998.87158203125,48.88638687133789,87.0,,,,,,,,,,,,,
33699,,27.566999435424805,16.92667007446289,16.19628143310547,3955.48779296875,16.351057052612305,87.0,,,,,,,,,,,,,
33749,,27.97011947631836,22.381553649902344,15.1563081741333,4018.8056640625,62.077030181884766,87.0,,,,,,,,,,,,,
33799,,26.294189453125,16.263988494873047,16.91598892211914,3804.034912109375,74.87223815917969,87.0,,,,,,,,,,,,,
33849,,27.19948959350586,15.322433471679688,14.721892356872559,3877.3671875,38.7470588684082,87.0,,,,,,,,,,,,,
33899,,26.776277542114258,19.17426872253418,18.361873626708984,3887.398193359375,38.67606735229492,87.0,,,,,,,,,,,,,
33949,,30.098976135253906,18.852720260620117,17.088796615600586,3775.3798828125,109.75186157226562,87.0,,,,,,,,,,,,,
33999,,30.64990997314453,18.011117935180664,15.927370071411133,3896.008056640625,79.51612854003906,88.0,,,,,,,,,,,,,
34049,,26.634376525878906,17.677658081054688,13.963597297668457,3902.02978515625,14.871820449829102,88.0,,,,,,,,,,,,,
34099,,27.478219985961914,16.539093017578125,18.4468994140625,3916.98095703125,42.0780143737793,88.0,,,,,,,,,,,,,
34149,,25.74538803100586,14.396523475646973,12.375173568725586,3807.232177734375,44.571868896484375,88.0,,,,,,,,,,,,,
34199,,24.766292572021484,19.18695831298828,15.19862174987793,3837.112060546875,48.818424224853516,88.0,,,,,,,,,,,,,
34249,,25.979209899902344,14.153153419494629,11.128389358520508,3969.331787109375,45.46134948730469,88.0,,,,,,,,,,,,,
34299,,27.318241119384766,14.32138442993164,13.733661651611328,3787.9873046875,30.907981872558594,88.0,,,,,,,,,,,,,
34349,,26.860488891601562,14.938214302062988,15.82647705078125,3828.33251953125,26.037734985351562,88.0,,,,,,,,,,,,,
34399,,28.87490463256836,25.35199737548828,24.97684097290039,3837.116943359375,47.23126983642578,89.0,,,,,,,,,,,,,
34449,,30.717662811279297,21.350360870361328,19.603782653808594,3844.0185546875,135.2206268310547,89.0,,,,,,,,,,,,,
34499,,26.999149322509766,13.172842979431152,12.624795913696289,3884.0224609375,24.062402725219727,89.0,,,,,,,,,,,,,
34549,,27.058305740356445,21.90993309020996,16.274585723876953,3908.92138671875,36.32102584838867,89.0,,,,,,,,,,,,,
34599,,27.029651641845703,17.36553192138672,14.164730072021484,3775.5908203125,38.54846954345703,89.0,,,,,,,,,,,,,
34649,,26.007925033569336,17.487783432006836,13.779885292053223,3999.9453125,22.37700080871582,89.0,,,,,,,,,,,,,
34699,,25.571331024169922,15.772306442260742,16.41594886779785,3808.3310546875,29.307945251464844,89.0,,,,,,,,,,,,,
34749,,27.605224609375,15.052000045776367,13.779133796691895,3895.9091796875,18.914133071899414,90.0,,,,,,,,,,,,,
34799,,26.638105392456055,13.554819107055664,18.301197052001953,3769.506103515625,35.226531982421875,90.0,,,,,,,,,,,,,
34849,,29.41084098815918,21.924083709716797,20.75978660583496,3956.174560546875,83.95487213134766,90.0,,,,,,,,,,,,,
34899,,27.403335571289062,15.596559524536133,14.91173267364502,3759.22998046875,49.415565490722656,90.0,,,,,,,,,,,,,
34949,,28.387378692626953,17.970951080322266,14.67676067352295,3965.77783203125,19.166704177856445,90.0,,,,,,,,,,,,,
34999,,27.963891983032227,17.953201293945312,15.556326866149902,3876.94775390625,22.387493133544922,90.0,,,,,,,,,,,,,
35049,,26.982646942138672,22.445552825927734,19.536911010742188,3948.18701171875,28.513803482055664,90.0,,,,,,,,,,,,,
35099,,30.644275665283203,20.16887664794922,19.26626968383789,3828.079833984375,88.80667877197266,90.0,,,,,,,,,,,,,
35149,,26.111356735229492,21.996110916137695,24.155818939208984,3866.785400390625,61.51023483276367,91.0,,,,,,,,,,,,,
35199,,26.733800888061523,16.127323150634766,15.03703498840332,3920.720703125,40.02610778808594,91.0,,,,,,,,,,,,,
35249,,25.60224723815918,12.9364013671875,12.59835147857666,3867.20849609375,81.47789764404297,91.0,,,,,,,,,,,,,
35299,,28.09886360168457,18.396896362304688,17.552751541137695,3898.913818359375,61.625606536865234,91.0,,,,,,,,,,,,,
35349,,27.909835815429688,18.752777099609375,16.054555892944336,3800.298095703125,31.22706413269043,91.0,,,,,,,,,,,,,
35399,,27.220821380615234,18.586036682128906,20.98541831970215,3850.7021484375,22.312089920043945,91.0,,,,,,,,,,,,,
35449,,26.273778915405273,19.800010681152344,18.91766357421875,3776.05615234375,24.129047393798828,91.0,,,,,,,,,,,,,
35499,,25.083751678466797,13.837684631347656,13.405047416687012,4060.595703125,69.4168472290039,91.0,,,,,,,,,,,,,
35549,,29.149221420288086,16.78396224975586,15.492717742919922,3864.02392578125,46.81654739379883,92.0,,,,,,,,,,,,,
35599,,25.76677894592285,19.7166805267334,18.736970901489258,3741.37353515625,80.08389282226562,92.0,,,,,,,,,,,,,
35649,,27.571401596069336,17.531906127929688,19.067703247070312,3842.73388671875,18.948007583618164,92.0,,,,,,,,,,,,,
35699,,28.17395782470703,16.94912338256836,16.23285484313965,3690.80078125,63.871315002441406,92.0,,,,,,,,,,,,,
35749,,28.19379425048828,16.39523696899414,13.868189811706543,3678.82275390625,76.03289031982422,92.0,,,,,,,,,,,,,
35799,,27.21776580810547,20.056941986083984,17.03463363647461,3741.808837890625,27.863479614257812,92.0,,,,,,,,,,,,,
35849,,26.83361053466797,17.43541717529297,16.309541702270508,3691.0244140625,57.02559280395508,92.0,,,,,,,,,,,,,
35899,,26.9246883392334,18.43175506591797,18.990264892578125,3869.718017578125,36.21581268310547,93.0,,,,,,,,,,,,,
35949,,26.731189727783203,15.36439323425293,13.292465209960938,3809.236328125,19.392412185668945,93.0,,,,,,,,,,,,,
35999,,28.576847076416016,21.499828338623047,18.27753448486328,3824.19677734375,66.87157440185547,93.0,,,,,,,,,,,,,
36049,,26.721874237060547,13.481061935424805,9.687300682067871,3916.555419921875,19.84824562072754,93.0,,,,,,,,,,,,,
36099,,29.225786209106445,19.313016891479492,17.701902389526367,3892.861572265625,26.93537712097168,93.0,,,,,,,,,,,,,
36149,,27.22019386291504,20.09773826599121,21.194900512695312,3901.75537109375,50.46169662475586,93.0,,,,,,,,,,,,,
36199,,26.32421112060547,18.586090087890625,16.882354736328125,3994.349609375,41.802276611328125,93.0,,,,,,,,,,,,,
36249,,27.101974487304688,17.28563117980957,11.78359603881836,3796.138427734375,25.879600524902344,93.0,,,,,,,,,,,,,
36299,,26.655134201049805,18.433658599853516,17.927810668945312,3806.0703125,66.73255157470703,94.0,,,,,,,,,,,,,
36349,,28.74342918395996,16.893089294433594,15.918402671813965,3658.40283203125,69.70923614501953,94.0,,,,,,,,,,,,,
36399,,25.81026840209961,15.939373016357422,12.18822956085205,3722.76220703125,16.599178314208984,94.0,,,,,,,,,,,,,
36449,,29.2109375,21.317913055419922,19.57839584350586,3799.71875,79.18070220947266,94.0,,,,,,,,,,,,,
36499,,26.54569435119629,20.590805053710938,18.365848541259766,3753.17529296875,42.019309997558594,94.0,,,,,,,,,,,,,
36549,,27.117753982543945,20.904220581054688,17.85995101928711,3819.578125,27.453001022338867,94.0,,,,,,,,,,,,,
36599,,25.563213348388672,16.078113555908203,12.655258178710938,3740.32177734375,55.96863555908203,94.0,,,,,,,,,,,,,
36649,,26.086612701416016,17.151897430419922,13.299544334411621,3808.46826171875,28.661161422729492,94.0,,,,,,,,,,,,,
36699,,28.28008270263672,19.83242416381836,20.110546112060547,3713.42529296875,88.93657684326172,95.0,,,,,,,,,,,,,
36749,,26.09398078918457,15.309863090515137,10.552657127380371,3799.87158203125,40.70572280883789,95.0,,,,,,,,,,,,,
36799,,26.063709259033203,21.1898193359375,22.693161010742188,3748.27783203125,34.509315490722656,95.0,,,,,,,,,,,,,
36849,,26.562606811523438,19.03740692138672,15.700777053833008,3746.52490234375,49.34092330932617,95.0,,,,,,,,,,,,,
36899,,26.239242553710938,24.54863739013672,22.843002319335938,3667.135986328125,60.8392219543457,95.0,,,,,,,,,,,,,
36949,,23.328824996948242,15.963287353515625,15.347219467163086,3743.6396484375,121.33203125,95.0,,,,,,,,,,,,,
36999,,26.71389389038086,17.405330657958984,21.393856048583984,3758.58837890625,34.0413932800293,95.0,,,,,,,,,,,,,
37049,,28.258358001708984,14.231562614440918,10.79008674621582,3724.57958984375,49.06376266479492,95.0,,,,,,,,,,,,,
37099,,28.335107803344727,17.314912796020508,17.335670471191406,3693.71484375,73.73016357421875,96.0,,,,,,,,,,,,,
37149,,26.606338500976562,19.153636932373047,17.456899642944336,3621.42236328125,21.81974983215332,96.0,,,,,,,,,,,,,
37199,,28.546573638916016,21.662418365478516,18.644664764404297,3737.571533203125,54.295650482177734,96.0,,,,,,,,,,,,,
37249,,27.604358673095703,19.650604248046875,21.632606506347656,3694.326171875,39.0501594543457,96.0,,,,,,,,,,,,,
37299,,26.613889694213867,16.516197204589844,16.351612091064453,3555.635986328125,23.754610061645508,96.0,,,,,,,,,,,,,
37349,,24.800559997558594,15.4931058883667,12.694480895996094,3961.08349609375,79.4900894165039,96.0,,,,,,,,,,,,,
37399,,26.32977294921875,18.026920318603516,15.741003036499023,3661.6650390625,29.81606674194336,96.0,,,,,,,,,,,,,
37449,,27.929033279418945,18.36788558959961,17.28731918334961,3745.662353515625,20.178516387939453,97.0,,,,,,,,,,,,,
37499,,27.49017333984375,27.343961715698242,21.99711799621582,3762.52880859375,31.329833984375,97.0,,,,,,,,,,,,,
37549,,27.59770965576172,15.378860473632812,16.197471618652344,3963.94384765625,35.29443359375,97.0,,,,,,,,,,,,,
37599,,25.49738311767578,19.532569885253906,18.840938568115234,3735.2666015625,76.58958435058594,97.0,,,,,,,,,,,,,
37649,,28.987991333007812,16.93523406982422,15.74063491821289,3728.73779296875,50.030643463134766,97.0,,,,,,,,,,,,,
37699,,28.956653594970703,17.716514587402344,21.464784622192383,3782.36865234375,91.36259460449219,97.0,,,,,,,,,,,,,
37749,,25.351579666137695,15.74416732788086,13.219622611999512,3834.691650390625,41.005821228027344,97.0,,,,,,,,,,,,,
37799,,25.785640716552734,21.48026466369629,20.54686737060547,3801.15625,48.044864654541016,97.0,,,,,,,,,,,,,
37849,,29.2396240234375,15.506988525390625,15.613954544067383,3786.63525390625,18.70085334777832,98.0,,,,,,,,,,,,,
37899,,26.89615249633789,18.82720947265625,21.636072158813477,3639.318115234375,28.301799774169922,98.0,,,,,,,,,,,,,
37949,,24.378469467163086,14.244222640991211,12.464715957641602,3880.563720703125,85.39749908447266,98.0,,,,,,,,,,,,,
37999,,30.48098373413086,18.807422637939453,19.925792694091797,3682.60400390625,136.45555114746094,98.0,,,,,,,,,,,,,
38049,,27.37569236755371,17.678518295288086,15.290413856506348,3703.90087890625,21.163841247558594,98.0,,,,,,,,,,,,,
38099,,27.24590492248535,16.660232543945312,15.689750671386719,3676.82177734375,37.68341064453125,98.0,,,,,,,,,,,,,
38149,,25.26401138305664,15.948759078979492,14.511175155639648,3740.8740234375,66.19523620605469,98.0,,,,,,,,,,,,,
38199,,25.92878532409668,18.004976272583008,18.16326904296875,3888.703125,30.978063583374023,98.0,,,,,,,,,,,,,
38249,,25.09353256225586,17.88741683959961,17.39967155456543,3651.427734375,65.72027587890625,99.0,,,,,,,,,,,,,
38299,,29.19257354736328,13.390214920043945,12.273077011108398,3657.3046875,20.020715713500977,99.0,,,,,,,,,,,,,
38349,,26.927913665771484,16.673660278320312,22.321632385253906,3743.02490234375,27.603151321411133,99.0,,,,,,,,,,,,,
38399,,25.276092529296875,18.71294403076172,18.49365234375,3725.771240234375,49.106170654296875,99.0,,,,,,,,,,,,,
38449,,27.97963523864746,17.724529266357422,19.744327545166016,3707.974365234375,38.112274169921875,99.0,,,,,,,,,,,,,
38499,,24.789335250854492,16.26816177368164,16.196260452270508,3847.83203125,114.7065200805664,99.0,,,,,,,,,,,,,
38549,,28.062009811401367,20.309711456298828,19.86568260192871,3593.40625,57.261558532714844,99.0,,,,,,,,,,,,,
